,EVSE ID,User Id,Plug In Event Id,Firmware Ver.,Plug Connect Time,Plug Connect Time Zone,Plug Disconnect Time,Plug Disconnect Time Zone,Power Start Time,Power Start Time Zone,Power End Time,Power End Time Zone,Peak Power (AC kW),Rolling Avg. Power (AC kW),Energy Consumed (AC kWh),Port,Station Name,MAC Address,Org Name,Start Time,Start Time Zone,End Time,End Time Zone,Total Duration (hh:mm:ss),Charging Time (hh:mm:ss),Energy (kWh),GHG Savings (kg),Gasoline Savings,Port Type,Address 1,Address 2,City,State/Province,Postal Code,Country,Latitude,Longitude,Currency,Fee,Ended By,Driver Postal Code
49306,204577,672723,238588651,4.3.4.13 Build 83512 CT4knandflash,5/22/2018 8:27,MDT,,,5/22/2018 8:27,MDT,,,,,,2,PACKSIZE / CLEAN AIR 4,0024:B100:0002:7776,Leaders For Clean Air,5/22/2018 8:27,MDT,5/22/2018 13:53,MDT,5:25:53,3:00:42,12.177777,0.0,1.528,Level 2,3760 Commons Ln,,Salt Lake City,Utah,84104.0,United States,40.74254227,-111.981163,USD,,Plug Out at Vehicle,84087.0
49307,204577,672723,238588651,4.3.4.13 Build 83512 CT4knandflash,,,,,5/22/2018 8:27,MDT,5/22/2018 8:29,MDT,6.07,5.41,0.240429,2,,,,,,,,,,,,,,,,,,,,,,,,,
49308,204577,672723,238588651,4.3.4.13 Build 83512 CT4knandflash,,,,,5/22/2018 8:30,MDT,5/22/2018 8:44,MDT,6.046,6.039,1.509639,2,,,,,,,,,,,,,,,,,,,,,,,,,
49309,204577,672723,238588651,4.3.4.13 Build 83512 CT4knandflash,,,,,5/22/2018 8:45,MDT,5/22/2018 8:59,MDT,6.044,6.02,1.5050290000000002,2,,,,,,,,,,,,,,,,,,,,,,,,,
49310,204577,672723,238588651,4.3.4.13 Build 83512 CT4knandflash,,,,,5/22/2018 9:00,MDT,5/22/2018 9:14,MDT,5.987,5.941,1.485296,2,,,,,,,,,,,,,,,,,,,,,,,,,
49311,204577,672723,238588651,4.3.4.13 Build 83512 CT4knandflash,,,,,5/22/2018 9:15,MDT,5/22/2018 9:29,MDT,5.976,5.938,1.484386,2,,,,,,,,,,,,,,,,,,,,,,,,,
49312,204577,672723,238588651,4.3.4.13 Build 83512 CT4knandflash,,,,,5/22/2018 9:30,MDT,5/22/2018 9:44,MDT,6.032,5.989,1.497231,2,,,,,,,,,,,,,,,,,,,,,,,,,
49313,204577,672723,238588651,4.3.4.13 Build 83512 CT4knandflash,,,,,5/22/2018 9:45,MDT,5/22/2018 9:59,MDT,6.016,5.996,1.498868,2,,,,,,,,,,,,,,,,,,,,,,,,,
49314,204577,672723,238588651,4.3.4.13 Build 83512 CT4knandflash,,,,,5/22/2018 10:00,MDT,5/22/2018 10:14,MDT,6.044,5.985,1.496319,2,,,,,,,,,,,,,,,,,,,,,,,,,
49315,204577,672723,238588651,4.3.4.13 Build 83512 CT4knandflash,,,,,5/22/2018 10:15,MDT,5/22/2018 10:29,MDT,5.547000000000001,3.3369999999999997,0.8341370000000001,2,,,,,,,,,,,,,,,,,,,,,,,,,
49316,204577,672723,238588651,4.3.4.13 Build 83512 CT4knandflash,,,,,5/22/2018 10:30,MDT,5/22/2018 10:44,MDT,2.2119999999999997,1.288,0.322033,2,,,,,,,,,,,,,,,,,,,,,,,,,
49317,204577,672723,238588651,4.3.4.13 Build 83512 CT4knandflash,,,,,5/22/2018 10:45,MDT,5/22/2018 10:59,MDT,1.3419999999999999,0.5579999999999999,0.139595,2,,,,,,,,,,,,,,,,,,,,,,,,,
49318,204577,672723,238588651,4.3.4.13 Build 83512 CT4knandflash,,,,,5/22/2018 11:00,MDT,5/22/2018 11:14,MDT,1.5590000000000002,0.321,0.080182,2,,,,,,,,,,,,,,,,,,,,,,,,,
49319,204577,672723,238588651,4.3.4.13 Build 83512 CT4knandflash,,,,,5/22/2018 11:15,MDT,5/22/2018 11:29,MDT,1.436,0.33899999999999997,0.084633,2,,,,,,,,,,,,,,,,,,,,,,,,,
49320,204577,672723,238588651,4.3.4.13 Build 83512 CT4knandflash,,,,,5/22/2018 11:30,MDT,5/22/2018 11:44,MDT,0.0,0.0,0.0,2,,,,,,,,,,,,,,,,,,,,,,,,,
49321,204577,672723,238588651,4.3.4.13 Build 83512 CT4knandflash,,,,,5/22/2018 11:45,MDT,5/22/2018 11:59,MDT,0.0,0.0,0.0,2,,,,,,,,,,,,,,,,,,,,,,,,,
49322,204577,672723,238588651,4.3.4.13 Build 83512 CT4knandflash,,,,,5/22/2018 12:00,MDT,5/22/2018 12:14,MDT,0.0,0.0,0.0,2,,,,,,,,,,,,,,,,,,,,,,,,,
49323,204577,672723,238588651,4.3.4.13 Build 83512 CT4knandflash,,,,,5/22/2018 12:15,MDT,5/22/2018 12:29,MDT,0.0,0.0,0.0,2,,,,,,,,,,,,,,,,,,,,,,,,,
49324,204577,672723,238588651,4.3.4.13 Build 83512 CT4knandflash,,,,,5/22/2018 12:30,MDT,5/22/2018 12:44,MDT,0.0,0.0,0.0,2,,,,,,,,,,,,,,,,,,,,,,,,,
49325,204577,672723,238588651,4.3.4.13 Build 83512 CT4knandflash,,,,,5/22/2018 12:45,MDT,5/22/2018 12:59,MDT,0.0,0.0,0.0,2,,,,,,,,,,,,,,,,,,,,,,,,,
49326,204577,672723,238588651,4.3.4.13 Build 83512 CT4knandflash,,,,,5/22/2018 13:00,MDT,5/22/2018 13:14,MDT,0.0,0.0,0.0,2,,,,,,,,,,,,,,,,,,,,,,,,,
49327,204577,672723,238588651,4.3.4.13 Build 83512 CT4knandflash,,,,,5/22/2018 13:15,MDT,5/22/2018 13:29,MDT,0.0,0.0,0.0,2,,,,,,,,,,,,,,,,,,,,,,,,,
49328,204577,672723,238588651,4.3.4.13 Build 83512 CT4knandflash,,,,,5/22/2018 13:30,MDT,5/22/2018 13:44,MDT,0.0,0.0,0.0,2,,,,,,,,,,,,,,,,,,,,,,,,,
49329,204577,672723,238588651,4.3.4.13 Build 83512 CT4knandflash,,,,,5/22/2018 13:45,MDT,5/22/2018 13:53,MDT,0.0,0.0,0.0,2,,,,,,,,,,,,,,,,,,,,,,,,,
49330,204577,672723,238588651,4.3.4.13 Build 83512 CT4knandflash,,,5/22/2018 13:53,MDT,,,,,,,,2,,,,,,,,,,,,,,,,,,,,,,,,,
49712,204577,672723,237977881,4.3.4.13 Build 83512 CT4knandflash,5/21/2018 7:54,MDT,,,5/21/2018 7:54,MDT,,,,,,2,PACKSIZE / CLEAN AIR 4,0024:B100:0002:7776,Leaders For Clean Air,5/21/2018 7:54,MDT,5/21/2018 14:10,MDT,6:15:35,1:34:19,4.609575,0.0,0.579,Level 2,3760 Commons Ln,,Salt Lake City,Utah,84104.0,United States,40.74254227,-111.981163,USD,,Plug Out at Vehicle,84087.0
49713,204577,672723,237977881,4.3.4.13 Build 83512 CT4knandflash,,,,,5/21/2018 7:54,MDT,5/21/2018 7:59,MDT,6.055,5.706,0.49294899999999997,2,,,,,,,,,,,,,,,,,,,,,,,,,
49714,204577,672723,237977881,4.3.4.13 Build 83512 CT4knandflash,,,,,5/21/2018 8:00,MDT,5/21/2018 8:14,MDT,6.02,5.997999999999999,1.499473,2,,,,,,,,,,,,,,,,,,,,,,,,,
49715,204577,672723,237977881,4.3.4.13 Build 83512 CT4knandflash,,,,,5/21/2018 8:15,MDT,5/21/2018 8:29,MDT,6.01,5.902,1.47561,2,,,,,,,,,,,,,,,,,,,,,,,,,
49716,204577,672723,237977881,4.3.4.13 Build 83512 CT4knandflash,,,,,5/21/2018 8:30,MDT,5/21/2018 8:44,MDT,4.891,2.867,0.716808,2,,,,,,,,,,,,,,,,,,,,,,,,,
49717,204577,672723,237977881,4.3.4.13 Build 83512 CT4knandflash,,,,,5/21/2018 8:45,MDT,5/21/2018 8:59,MDT,1.7630000000000001,1.062,0.26540199999999997,2,,,,,,,,,,,,,,,,,,,,,,,,,
49718,204577,672723,237977881,4.3.4.13 Build 83512 CT4knandflash,,,,,5/21/2018 9:00,MDT,5/21/2018 9:14,MDT,1.78,0.33899999999999997,0.08482100000000001,2,,,,,,,,,,,,,,,,,,,,,,,,,
49719,204577,672723,237977881,4.3.4.13 Build 83512 CT4knandflash,,,,,5/21/2018 9:15,MDT,5/21/2018 9:29,MDT,1.818,0.298,0.074512,2,,,,,,,,,,,,,,,,,,,,,,,,,
49720,204577,672723,237977881,4.3.4.13 Build 83512 CT4knandflash,,,,,5/21/2018 9:30,MDT,5/21/2018 9:44,MDT,0.0,0.0,0.0,2,,,,,,,,,,,,,,,,,,,,,,,,,
49721,204577,672723,237977881,4.3.4.13 Build 83512 CT4knandflash,,,,,5/21/2018 9:45,MDT,5/21/2018 9:59,MDT,0.0,0.0,0.0,2,,,,,,,,,,,,,,,,,,,,,,,,,
49722,204577,672723,237977881,4.3.4.13 Build 83512 CT4knandflash,,,,,5/21/2018 10:00,MDT,5/21/2018 10:14,MDT,0.0,0.0,0.0,2,,,,,,,,,,,,,,,,,,,,,,,,,
49723,204577,672723,237977881,4.3.4.13 Build 83512 CT4knandflash,,,,,5/21/2018 10:15,MDT,5/21/2018 10:29,MDT,0.0,0.0,0.0,2,,,,,,,,,,,,,,,,,,,,,,,,,
49724,204577,672723,237977881,4.3.4.13 Build 83512 CT4knandflash,,,,,5/21/2018 10:30,MDT,5/21/2018 10:44,MDT,0.0,0.0,0.0,2,,,,,,,,,,,,,,,,,,,,,,,,,
49725,204577,672723,237977881,4.3.4.13 Build 83512 CT4knandflash,,,,,5/21/2018 10:45,MDT,5/21/2018 10:59,MDT,0.0,0.0,0.0,2,,,,,,,,,,,,,,,,,,,,,,,,,
49726,204577,672723,237977881,4.3.4.13 Build 83512 CT4knandflash,,,,,5/21/2018 11:00,MDT,5/21/2018 11:14,MDT,0.0,0.0,0.0,2,,,,,,,,,,,,,,,,,,,,,,,,,
49727,204577,672723,237977881,4.3.4.13 Build 83512 CT4knandflash,,,,,5/21/2018 11:15,MDT,5/21/2018 11:29,MDT,0.0,0.0,0.0,2,,,,,,,,,,,,,,,,,,,,,,,,,
49728,204577,672723,237977881,4.3.4.13 Build 83512 CT4knandflash,,,,,5/21/2018 11:30,MDT,5/21/2018 11:44,MDT,0.0,0.0,0.0,2,,,,,,,,,,,,,,,,,,,,,,,,,
49729,204577,672723,237977881,4.3.4.13 Build 83512 CT4knandflash,,,,,5/21/2018 11:45,MDT,5/21/2018 11:59,MDT,0.0,0.0,0.0,2,,,,,,,,,,,,,,,,,,,,,,,,,
49730,204577,672723,237977881,4.3.4.13 Build 83512 CT4knandflash,,,,,5/21/2018 12:00,MDT,5/21/2018 12:14,MDT,0.0,0.0,0.0,2,,,,,,,,,,,,,,,,,,,,,,,,,
49731,204577,672723,237977881,4.3.4.13 Build 83512 CT4knandflash,,,,,5/21/2018 12:15,MDT,5/21/2018 12:29,MDT,0.0,0.0,0.0,2,,,,,,,,,,,,,,,,,,,,,,,,,
49732,204577,672723,237977881,4.3.4.13 Build 83512 CT4knandflash,,,,,5/21/2018 12:30,MDT,5/21/2018 12:44,MDT,0.0,0.0,0.0,2,,,,,,,,,,,,,,,,,,,,,,,,,
49733,204577,672723,237977881,4.3.4.13 Build 83512 CT4knandflash,,,,,5/21/2018 12:45,MDT,5/21/2018 12:59,MDT,0.0,0.0,0.0,2,,,,,,,,,,,,,,,,,,,,,,,,,
49734,204577,672723,237977881,4.3.4.13 Build 83512 CT4knandflash,,,,,5/21/2018 13:00,MDT,5/21/2018 13:14,MDT,0.0,0.0,0.0,2,,,,,,,,,,,,,,,,,,,,,,,,,
49735,204577,672723,237977881,4.3.4.13 Build 83512 CT4knandflash,,,,,5/21/2018 13:15,MDT,5/21/2018 13:29,MDT,0.0,0.0,0.0,2,,,,,,,,,,,,,,,,,,,,,,,,,
49736,204577,672723,237977881,4.3.4.13 Build 83512 CT4knandflash,,,,,5/21/2018 13:30,MDT,5/21/2018 13:44,MDT,0.0,0.0,0.0,2,,,,,,,,,,,,,,,,,,,,,,,,,
49737,204577,672723,237977881,4.3.4.13 Build 83512 CT4knandflash,,,,,5/21/2018 13:45,MDT,5/21/2018 13:59,MDT,0.0,0.0,0.0,2,,,,,,,,,,,,,,,,,,,,,,,,,
49738,204577,672723,237977881,4.3.4.13 Build 83512 CT4knandflash,,,,,5/21/2018 14:00,MDT,5/21/2018 14:10,MDT,0.0,0.0,0.0,2,,,,,,,,,,,,,,,,,,,,,,,,,
49739,204577,672723,237977881,4.3.4.13 Build 83512 CT4knandflash,,,5/21/2018 14:10,MDT,,,,,,,,2,,,,,,,,,,,,,,,,,,,,,,,,,
50242,210209,672723,236834731,4.3.4.13 Build 83512 CT4knandflash,5/18/2018 6:56,MDT,,,5/18/2018 6:56,MDT,,,,,,1,PACKSIZE / CLEAN AIR 12,0024:B100:0002:7D8B,Leaders For Clean Air,5/18/2018 6:56,MDT,5/18/2018 12:32,MDT,5:36:37,2:31:44,10.019193,0.0,1.2570000000000001,Level 2,3760 Commons Ln,,Salt Lake City,Utah,84104.0,United States,40.74254608,-111.98122409999999,USD,,Plug Out at Vehicle,84087.0
50243,210209,672723,236834731,4.3.4.13 Build 83512 CT4knandflash,,,,,5/18/2018 6:56,MDT,5/18/2018 6:59,MDT,5.987,5.377000000000001,0.355484,1,,,,,,,,,,,,,,,,,,,,,,,,,
50244,210209,672723,236834731,4.3.4.13 Build 83512 CT4knandflash,,,,,5/18/2018 7:00,MDT,5/18/2018 7:14,MDT,5.981,5.957999999999999,1.489373,1,,,,,,,,,,,,,,,,,,,,,,,,,
50245,210209,672723,236834731,4.3.4.13 Build 83512 CT4knandflash,,,,,5/18/2018 7:15,MDT,5/18/2018 7:29,MDT,5.985,5.978,1.49445,1,,,,,,,,,,,,,,,,,,,,,,,,,
50246,210209,672723,236834731,4.3.4.13 Build 83512 CT4knandflash,,,,,5/18/2018 7:30,MDT,5/18/2018 7:44,MDT,5.979,5.945,1.486353,1,,,,,,,,,,,,,,,,,,,,,,,,,
50247,210209,672723,236834731,4.3.4.13 Build 83512 CT4knandflash,,,,,5/18/2018 7:45,MDT,5/18/2018 7:59,MDT,5.996,5.9639999999999995,1.490905,1,,,,,,,,,,,,,,,,,,,,,,,,,
50248,210209,672723,236834731,4.3.4.13 Build 83512 CT4knandflash,,,,,5/18/2018 8:00,MDT,5/18/2018 8:14,MDT,5.956,5.92,1.480022,1,,,,,,,,,,,,,,,,,,,,,,,,,
50249,210209,672723,236834731,4.3.4.13 Build 83512 CT4knandflash,,,,,5/18/2018 8:15,MDT,5/18/2018 8:29,MDT,5.938,5.132999999999999,1.2831620000000001,1,,,,,,,,,,,,,,,,,,,,,,,,,
50250,210209,672723,236834731,4.3.4.13 Build 83512 CT4knandflash,,,,,5/18/2018 8:30,MDT,5/18/2018 8:44,MDT,3.378,2.1430000000000002,0.535755,1,,,,,,,,,,,,,,,,,,,,,,,,,
50251,210209,672723,236834731,4.3.4.13 Build 83512 CT4knandflash,,,,,5/18/2018 8:45,MDT,5/18/2018 8:59,MDT,1.536,0.9109999999999999,0.22771599999999997,1,,,,,,,,,,,,,,,,,,,,,,,,,
50252,210209,672723,236834731,4.3.4.13 Build 83512 CT4knandflash,,,,,5/18/2018 9:00,MDT,5/18/2018 9:14,MDT,2.01,0.361,0.09023099999999999,1,,,,,,,,,,,,,,,,,,,,,,,,,
50253,210209,672723,236834731,4.3.4.13 Build 83512 CT4knandflash,,,,,5/18/2018 9:15,MDT,5/18/2018 9:29,MDT,1.993,0.34299999999999997,0.085741,1,,,,,,,,,,,,,,,,,,,,,,,,,
50254,210209,672723,236834731,4.3.4.13 Build 83512 CT4knandflash,,,,,5/18/2018 9:30,MDT,5/18/2018 9:44,MDT,0.0,0.0,0.0,1,,,,,,,,,,,,,,,,,,,,,,,,,
50255,210209,672723,236834731,4.3.4.13 Build 83512 CT4knandflash,,,,,5/18/2018 9:45,MDT,5/18/2018 9:59,MDT,0.0,0.0,0.0,1,,,,,,,,,,,,,,,,,,,,,,,,,
50256,210209,672723,236834731,4.3.4.13 Build 83512 CT4knandflash,,,,,5/18/2018 10:00,MDT,5/18/2018 10:14,MDT,0.0,0.0,0.0,1,,,,,,,,,,,,,,,,,,,,,,,,,
50257,210209,672723,236834731,4.3.4.13 Build 83512 CT4knandflash,,,,,5/18/2018 10:15,MDT,5/18/2018 10:29,MDT,0.0,0.0,0.0,1,,,,,,,,,,,,,,,,,,,,,,,,,
50258,210209,672723,236834731,4.3.4.13 Build 83512 CT4knandflash,,,,,5/18/2018 10:30,MDT,5/18/2018 10:44,MDT,0.0,0.0,0.0,1,,,,,,,,,,,,,,,,,,,,,,,,,
50259,210209,672723,236834731,4.3.4.13 Build 83512 CT4knandflash,,,,,5/18/2018 10:45,MDT,5/18/2018 10:59,MDT,0.0,0.0,0.0,1,,,,,,,,,,,,,,,,,,,,,,,,,
50260,210209,672723,236834731,4.3.4.13 Build 83512 CT4knandflash,,,,,5/18/2018 11:00,MDT,5/18/2018 11:14,MDT,0.0,0.0,0.0,1,,,,,,,,,,,,,,,,,,,,,,,,,
50261,210209,672723,236834731,4.3.4.13 Build 83512 CT4knandflash,,,,,5/18/2018 11:15,MDT,5/18/2018 11:29,MDT,0.0,0.0,0.0,1,,,,,,,,,,,,,,,,,,,,,,,,,
50262,210209,672723,236834731,4.3.4.13 Build 83512 CT4knandflash,,,,,5/18/2018 11:30,MDT,5/18/2018 11:44,MDT,0.0,0.0,0.0,1,,,,,,,,,,,,,,,,,,,,,,,,,
50263,210209,672723,236834731,4.3.4.13 Build 83512 CT4knandflash,,,,,5/18/2018 11:45,MDT,5/18/2018 11:59,MDT,0.0,0.0,0.0,1,,,,,,,,,,,,,,,,,,,,,,,,,
50264,210209,672723,236834731,4.3.4.13 Build 83512 CT4knandflash,,,,,5/18/2018 12:00,MDT,5/18/2018 12:14,MDT,0.0,0.0,0.0,1,,,,,,,,,,,,,,,,,,,,,,,,,
50265,210209,672723,236834731,4.3.4.13 Build 83512 CT4knandflash,,,,,5/18/2018 12:15,MDT,5/18/2018 12:29,MDT,0.0,0.0,0.0,1,,,,,,,,,,,,,,,,,,,,,,,,,
50266,210209,672723,236834731,4.3.4.13 Build 83512 CT4knandflash,,,,,5/18/2018 12:30,MDT,5/18/2018 12:32,MDT,0.0,0.0,0.0,1,,,,,,,,,,,,,,,,,,,,,,,,,
50267,210209,672723,236834731,4.3.4.13 Build 83512 CT4knandflash,,,5/18/2018 12:32,MDT,,,,,,,,1,,,,,,,,,,,,,,,,,,,,,,,,,
50473,210225,672723,236155161,4.3.4.13 Build 83512 CT4knandflash,5/17/2018 8:27,MDT,,,5/17/2018 8:27,MDT,,,,,,1,PACKSIZE / CLEAN AIR 13,0024:B100:0002:7D81,Leaders For Clean Air,5/17/2018 8:27,MDT,5/17/2018 17:19,MDT,8:52:33,2:27:02,9.551169,0.0,1.199,Level 2,3760 Commons Ln,,Salt Lake City,Utah,84104.0,United States,40.74252701,-111.9811096,USD,,Plug Out at Vehicle,84087.0
50474,210225,672723,236155161,4.3.4.13 Build 83512 CT4knandflash,,,,,5/17/2018 8:27,MDT,5/17/2018 8:29,MDT,5.928999999999999,5.162000000000001,0.22223,1,,,,,,,,,,,,,,,,,,,,,,,,,
50475,210225,672723,236155161,4.3.4.13 Build 83512 CT4knandflash,,,,,5/17/2018 8:30,MDT,5/17/2018 8:44,MDT,5.9079999999999995,5.905,1.4761799999999998,1,,,,,,,,,,,,,,,,,,,,,,,,,
50476,210225,672723,236155161,4.3.4.13 Build 83512 CT4knandflash,,,,,5/17/2018 8:45,MDT,5/17/2018 8:59,MDT,5.89,5.859,1.464618,1,,,,,,,,,,,,,,,,,,,,,,,,,
50477,210225,672723,236155161,4.3.4.13 Build 83512 CT4knandflash,,,,,5/17/2018 9:00,MDT,5/17/2018 9:14,MDT,5.935,5.867999999999999,1.4670969999999999,1,,,,,,,,,,,,,,,,,,,,,,,,,
50478,210225,672723,236155161,4.3.4.13 Build 83512 CT4knandflash,,,,,5/17/2018 9:15,MDT,5/17/2018 9:29,MDT,5.94,5.89,1.472392,1,,,,,,,,,,,,,,,,,,,,,,,,,
50479,210225,672723,236155161,4.3.4.13 Build 83512 CT4knandflash,,,,,5/17/2018 9:30,MDT,5/17/2018 9:44,MDT,5.922999999999999,5.905,1.476205,1,,,,,,,,,,,,,,,,,,,,,,,,,
50480,210225,672723,236155161,4.3.4.13 Build 83512 CT4knandflash,,,,,5/17/2018 9:45,MDT,5/17/2018 9:59,MDT,5.926,4.766,1.191368,1,,,,,,,,,,,,,,,,,,,,,,,,,
50481,210225,672723,236155161,4.3.4.13 Build 83512 CT4knandflash,,,,,5/17/2018 10:00,MDT,5/17/2018 10:14,MDT,3.174,1.83,0.45738199999999996,1,,,,,,,,,,,,,,,,,,,,,,,,,
50482,210225,672723,236155161,4.3.4.13 Build 83512 CT4knandflash,,,,,5/17/2018 10:15,MDT,5/17/2018 10:29,MDT,1.5090000000000001,0.726,0.181445,1,,,,,,,,,,,,,,,,,,,,,,,,,
50483,210225,672723,236155161,4.3.4.13 Build 83512 CT4knandflash,,,,,5/17/2018 10:30,MDT,5/17/2018 10:44,MDT,1.34,0.374,0.093363,1,,,,,,,,,,,,,,,,,,,,,,,,,
50484,210225,672723,236155161,4.3.4.13 Build 83512 CT4knandflash,,,,,5/17/2018 10:45,MDT,5/17/2018 10:59,MDT,1.335,0.196,0.048889,1,,,,,,,,,,,,,,,,,,,,,,,,,
50485,210225,672723,236155161,4.3.4.13 Build 83512 CT4knandflash,,,,,5/17/2018 11:00,MDT,5/17/2018 11:14,MDT,0.0,0.0,0.0,1,,,,,,,,,,,,,,,,,,,,,,,,,
50486,210225,672723,236155161,4.3.4.13 Build 83512 CT4knandflash,,,,,5/17/2018 11:15,MDT,5/17/2018 11:29,MDT,0.0,0.0,0.0,1,,,,,,,,,,,,,,,,,,,,,,,,,
50487,210225,672723,236155161,4.3.4.13 Build 83512 CT4knandflash,,,,,5/17/2018 11:30,MDT,5/17/2018 11:44,MDT,0.0,0.0,0.0,1,,,,,,,,,,,,,,,,,,,,,,,,,
50488,210225,672723,236155161,4.3.4.13 Build 83512 CT4knandflash,,,,,5/17/2018 11:45,MDT,5/17/2018 11:59,MDT,0.0,0.0,0.0,1,,,,,,,,,,,,,,,,,,,,,,,,,
50489,210225,672723,236155161,4.3.4.13 Build 83512 CT4knandflash,,,,,5/17/2018 12:00,MDT,5/17/2018 12:14,MDT,0.0,0.0,0.0,1,,,,,,,,,,,,,,,,,,,,,,,,,
50490,210225,672723,236155161,4.3.4.13 Build 83512 CT4knandflash,,,,,5/17/2018 12:15,MDT,5/17/2018 12:29,MDT,0.0,0.0,0.0,1,,,,,,,,,,,,,,,,,,,,,,,,,
50491,210225,672723,236155161,4.3.4.13 Build 83512 CT4knandflash,,,,,5/17/2018 12:30,MDT,5/17/2018 12:44,MDT,0.0,0.0,0.0,1,,,,,,,,,,,,,,,,,,,,,,,,,
50492,210225,672723,236155161,4.3.4.13 Build 83512 CT4knandflash,,,,,5/17/2018 12:45,MDT,5/17/2018 12:59,MDT,0.0,0.0,0.0,1,,,,,,,,,,,,,,,,,,,,,,,,,
50493,210225,672723,236155161,4.3.4.13 Build 83512 CT4knandflash,,,,,5/17/2018 13:00,MDT,5/17/2018 13:14,MDT,0.0,0.0,0.0,1,,,,,,,,,,,,,,,,,,,,,,,,,
50494,210225,672723,236155161,4.3.4.13 Build 83512 CT4knandflash,,,,,5/17/2018 13:15,MDT,5/17/2018 13:29,MDT,0.0,0.0,0.0,1,,,,,,,,,,,,,,,,,,,,,,,,,
50495,210225,672723,236155161,4.3.4.13 Build 83512 CT4knandflash,,,,,5/17/2018 13:30,MDT,5/17/2018 13:44,MDT,0.0,0.0,0.0,1,,,,,,,,,,,,,,,,,,,,,,,,,
50496,210225,672723,236155161,4.3.4.13 Build 83512 CT4knandflash,,,,,5/17/2018 13:45,MDT,5/17/2018 13:59,MDT,0.0,0.0,0.0,1,,,,,,,,,,,,,,,,,,,,,,,,,
50497,210225,672723,236155161,4.3.4.13 Build 83512 CT4knandflash,,,,,5/17/2018 14:00,MDT,5/17/2018 14:14,MDT,0.0,0.0,0.0,1,,,,,,,,,,,,,,,,,,,,,,,,,
50498,210225,672723,236155161,4.3.4.13 Build 83512 CT4knandflash,,,,,5/17/2018 14:15,MDT,5/17/2018 14:29,MDT,0.0,0.0,0.0,1,,,,,,,,,,,,,,,,,,,,,,,,,
50499,210225,672723,236155161,4.3.4.13 Build 83512 CT4knandflash,,,,,5/17/2018 14:30,MDT,5/17/2018 14:44,MDT,0.0,0.0,0.0,1,,,,,,,,,,,,,,,,,,,,,,,,,
50500,210225,672723,236155161,4.3.4.13 Build 83512 CT4knandflash,,,,,5/17/2018 14:45,MDT,5/17/2018 14:59,MDT,0.0,0.0,0.0,1,,,,,,,,,,,,,,,,,,,,,,,,,
50501,210225,672723,236155161,4.3.4.13 Build 83512 CT4knandflash,,,,,5/17/2018 15:00,MDT,5/17/2018 15:14,MDT,0.0,0.0,0.0,1,,,,,,,,,,,,,,,,,,,,,,,,,
50502,210225,672723,236155161,4.3.4.13 Build 83512 CT4knandflash,,,,,5/17/2018 15:15,MDT,5/17/2018 15:29,MDT,0.0,0.0,0.0,1,,,,,,,,,,,,,,,,,,,,,,,,,
50503,210225,672723,236155161,4.3.4.13 Build 83512 CT4knandflash,,,,,5/17/2018 15:30,MDT,5/17/2018 15:44,MDT,0.0,0.0,0.0,1,,,,,,,,,,,,,,,,,,,,,,,,,
50504,210225,672723,236155161,4.3.4.13 Build 83512 CT4knandflash,,,,,5/17/2018 15:45,MDT,5/17/2018 15:59,MDT,0.0,0.0,0.0,1,,,,,,,,,,,,,,,,,,,,,,,,,
50505,210225,672723,236155161,4.3.4.13 Build 83512 CT4knandflash,,,,,5/17/2018 16:00,MDT,5/17/2018 16:14,MDT,0.0,0.0,0.0,1,,,,,,,,,,,,,,,,,,,,,,,,,
50506,210225,672723,236155161,4.3.4.13 Build 83512 CT4knandflash,,,,,5/17/2018 16:15,MDT,5/17/2018 16:29,MDT,0.0,0.0,0.0,1,,,,,,,,,,,,,,,,,,,,,,,,,
50507,210225,672723,236155161,4.3.4.13 Build 83512 CT4knandflash,,,,,5/17/2018 16:30,MDT,5/17/2018 16:44,MDT,0.0,0.0,0.0,1,,,,,,,,,,,,,,,,,,,,,,,,,
50508,210225,672723,236155161,4.3.4.13 Build 83512 CT4knandflash,,,,,5/17/2018 16:45,MDT,5/17/2018 16:59,MDT,0.0,0.0,0.0,1,,,,,,,,,,,,,,,,,,,,,,,,,
50509,210225,672723,236155161,4.3.4.13 Build 83512 CT4knandflash,,,,,5/17/2018 17:00,MDT,5/17/2018 17:14,MDT,0.0,0.0,0.0,1,,,,,,,,,,,,,,,,,,,,,,,,,
50510,210225,672723,236155161,4.3.4.13 Build 83512 CT4knandflash,,,,,5/17/2018 17:15,MDT,5/17/2018 17:19,MDT,0.0,0.0,0.0,1,,,,,,,,,,,,,,,,,,,,,,,,,
50511,210225,672723,236155161,4.3.4.13 Build 83512 CT4knandflash,,,5/17/2018 17:19,MDT,,,,,,,,1,,,,,,,,,,,,,,,,,,,,,,,,,
50946,204577,672723,235439721,4.3.4.13 Build 83512 CT4knandflash,5/16/2018 8:09,MDT,,,5/16/2018 8:09,MDT,,,,,,2,PACKSIZE / CLEAN AIR 4,0024:B100:0002:7776,Leaders For Clean Air,5/16/2018 8:09,MDT,5/16/2018 16:16,MDT,8:07:33,3:12:16,14.368209,0.0,1.8030000000000002,Level 2,3760 Commons Ln,,Salt Lake City,Utah,84104.0,United States,40.74254227,-111.981163,USD,,Plug Out at Vehicle,84087.0
50947,204577,672723,235439721,4.3.4.13 Build 83512 CT4knandflash,,,,,5/16/2018 8:09,MDT,5/16/2018 8:14,MDT,5.99,5.723,0.554765,2,,,,,,,,,,,,,,,,,,,,,,,,,
50948,204577,672723,235439721,4.3.4.13 Build 83512 CT4knandflash,,,,,5/16/2018 8:15,MDT,5/16/2018 8:29,MDT,5.961,5.9510000000000005,1.487709,2,,,,,,,,,,,,,,,,,,,,,,,,,
50949,204577,672723,235439721,4.3.4.13 Build 83512 CT4knandflash,,,,,5/16/2018 8:30,MDT,5/16/2018 8:44,MDT,5.966,5.942,1.485454,2,,,,,,,,,,,,,,,,,,,,,,,,,
50950,204577,672723,235439721,4.3.4.13 Build 83512 CT4knandflash,,,,,5/16/2018 8:45,MDT,5/16/2018 8:59,MDT,5.952000000000001,5.938,1.484524,2,,,,,,,,,,,,,,,,,,,,,,,,,
50951,204577,672723,235439721,4.3.4.13 Build 83512 CT4knandflash,,,,,5/16/2018 9:00,MDT,5/16/2018 9:14,MDT,5.999,5.944,1.4860389999999999,2,,,,,,,,,,,,,,,,,,,,,,,,,
50952,204577,672723,235439721,4.3.4.13 Build 83512 CT4knandflash,,,,,5/16/2018 9:15,MDT,5/16/2018 9:29,MDT,5.954,5.932,1.48295,2,,,,,,,,,,,,,,,,,,,,,,,,,
50953,204577,672723,235439721,4.3.4.13 Build 83512 CT4knandflash,,,,,5/16/2018 9:30,MDT,5/16/2018 9:44,MDT,5.949,5.928,1.481906,2,,,,,,,,,,,,,,,,,,,,,,,,,
50954,204577,672723,235439721,4.3.4.13 Build 83512 CT4knandflash,,,,,5/16/2018 9:45,MDT,5/16/2018 9:59,MDT,5.946000000000001,5.922999999999999,1.480648,2,,,,,,,,,,,,,,,,,,,,,,,,,
50955,204577,672723,235439721,4.3.4.13 Build 83512 CT4knandflash,,,,,5/16/2018 10:00,MDT,5/16/2018 10:14,MDT,6.01,5.952999999999999,1.488253,2,,,,,,,,,,,,,,,,,,,,,,,,,
50956,204577,672723,235439721,4.3.4.13 Build 83512 CT4knandflash,,,,,5/16/2018 10:15,MDT,5/16/2018 10:29,MDT,6.021,4.633,1.158277,2,,,,,,,,,,,,,,,,,,,,,,,,,
50957,204577,672723,235439721,4.3.4.13 Build 83512 CT4knandflash,,,,,5/16/2018 10:30,MDT,5/16/2018 10:44,MDT,3.1519999999999997,1.768,0.441913,2,,,,,,,,,,,,,,,,,,,,,,,,,
50958,204577,672723,235439721,4.3.4.13 Build 83512 CT4knandflash,,,,,5/16/2018 10:45,MDT,5/16/2018 10:59,MDT,2.31,0.664,0.165968,2,,,,,,,,,,,,,,,,,,,,,,,,,
50959,204577,672723,235439721,4.3.4.13 Build 83512 CT4knandflash,,,,,5/16/2018 11:00,MDT,5/16/2018 11:14,MDT,2.401,0.49200000000000005,0.122896,2,,,,,,,,,,,,,,,,,,,,,,,,,
50960,204577,672723,235439721,4.3.4.13 Build 83512 CT4knandflash,,,,,5/16/2018 11:15,MDT,5/16/2018 11:29,MDT,2.032,0.188,0.046907,2,,,,,,,,,,,,,,,,,,,,,,,,,
50961,204577,672723,235439721,4.3.4.13 Build 83512 CT4knandflash,,,,,5/16/2018 11:30,MDT,5/16/2018 11:44,MDT,0.0,0.0,0.0,2,,,,,,,,,,,,,,,,,,,,,,,,,
50962,204577,672723,235439721,4.3.4.13 Build 83512 CT4knandflash,,,,,5/16/2018 11:45,MDT,5/16/2018 11:59,MDT,0.0,0.0,0.0,2,,,,,,,,,,,,,,,,,,,,,,,,,
50963,204577,672723,235439721,4.3.4.13 Build 83512 CT4knandflash,,,,,5/16/2018 12:00,MDT,5/16/2018 12:14,MDT,0.0,0.0,0.0,2,,,,,,,,,,,,,,,,,,,,,,,,,
50964,204577,672723,235439721,4.3.4.13 Build 83512 CT4knandflash,,,,,5/16/2018 12:15,MDT,5/16/2018 12:29,MDT,0.0,0.0,0.0,2,,,,,,,,,,,,,,,,,,,,,,,,,
50965,204577,672723,235439721,4.3.4.13 Build 83512 CT4knandflash,,,,,5/16/2018 12:30,MDT,5/16/2018 12:44,MDT,0.0,0.0,0.0,2,,,,,,,,,,,,,,,,,,,,,,,,,
50966,204577,672723,235439721,4.3.4.13 Build 83512 CT4knandflash,,,,,5/16/2018 12:45,MDT,5/16/2018 12:59,MDT,0.0,0.0,0.0,2,,,,,,,,,,,,,,,,,,,,,,,,,
50967,204577,672723,235439721,4.3.4.13 Build 83512 CT4knandflash,,,,,5/16/2018 13:00,MDT,5/16/2018 13:14,MDT,0.0,0.0,0.0,2,,,,,,,,,,,,,,,,,,,,,,,,,
50968,204577,672723,235439721,4.3.4.13 Build 83512 CT4knandflash,,,,,5/16/2018 13:15,MDT,5/16/2018 13:29,MDT,0.0,0.0,0.0,2,,,,,,,,,,,,,,,,,,,,,,,,,
50969,204577,672723,235439721,4.3.4.13 Build 83512 CT4knandflash,,,,,5/16/2018 13:30,MDT,5/16/2018 13:44,MDT,0.0,0.0,0.0,2,,,,,,,,,,,,,,,,,,,,,,,,,
50970,204577,672723,235439721,4.3.4.13 Build 83512 CT4knandflash,,,,,5/16/2018 13:45,MDT,5/16/2018 13:59,MDT,0.0,0.0,0.0,2,,,,,,,,,,,,,,,,,,,,,,,,,
50971,204577,672723,235439721,4.3.4.13 Build 83512 CT4knandflash,,,,,5/16/2018 14:00,MDT,5/16/2018 14:14,MDT,0.0,0.0,0.0,2,,,,,,,,,,,,,,,,,,,,,,,,,
50972,204577,672723,235439721,4.3.4.13 Build 83512 CT4knandflash,,,,,5/16/2018 14:15,MDT,5/16/2018 14:29,MDT,0.0,0.0,0.0,2,,,,,,,,,,,,,,,,,,,,,,,,,
50973,204577,672723,235439721,4.3.4.13 Build 83512 CT4knandflash,,,,,5/16/2018 14:30,MDT,5/16/2018 14:44,MDT,0.0,0.0,0.0,2,,,,,,,,,,,,,,,,,,,,,,,,,
50974,204577,672723,235439721,4.3.4.13 Build 83512 CT4knandflash,,,,,5/16/2018 14:45,MDT,5/16/2018 14:59,MDT,0.0,0.0,0.0,2,,,,,,,,,,,,,,,,,,,,,,,,,
50975,204577,672723,235439721,4.3.4.13 Build 83512 CT4knandflash,,,,,5/16/2018 15:00,MDT,5/16/2018 15:14,MDT,0.0,0.0,0.0,2,,,,,,,,,,,,,,,,,,,,,,,,,
50976,204577,672723,235439721,4.3.4.13 Build 83512 CT4knandflash,,,,,5/16/2018 15:15,MDT,5/16/2018 15:29,MDT,0.0,0.0,0.0,2,,,,,,,,,,,,,,,,,,,,,,,,,
50977,204577,672723,235439721,4.3.4.13 Build 83512 CT4knandflash,,,,,5/16/2018 15:30,MDT,5/16/2018 15:44,MDT,0.0,0.0,0.0,2,,,,,,,,,,,,,,,,,,,,,,,,,
50978,204577,672723,235439721,4.3.4.13 Build 83512 CT4knandflash,,,,,5/16/2018 15:45,MDT,5/16/2018 15:59,MDT,0.0,0.0,0.0,2,,,,,,,,,,,,,,,,,,,,,,,,,
50979,204577,672723,235439721,4.3.4.13 Build 83512 CT4knandflash,,,,,5/16/2018 16:00,MDT,5/16/2018 16:14,MDT,0.0,0.0,0.0,2,,,,,,,,,,,,,,,,,,,,,,,,,
50980,204577,672723,235439721,4.3.4.13 Build 83512 CT4knandflash,,,,,5/16/2018 16:15,MDT,5/16/2018 16:16,MDT,0.0,0.0,0.0,2,,,,,,,,,,,,,,,,,,,,,,,,,
50981,204577,672723,235439721,4.3.4.13 Build 83512 CT4knandflash,,,5/16/2018 16:16,MDT,,,,,,,,2,,,,,,,,,,,,,,,,,,,,,,,,,
51464,204577,672723,234326671,4.3.4.13 Build 83512 CT4knandflash,5/14/2018 12:49,MDT,,,5/14/2018 12:49,MDT,,,,,,2,PACKSIZE / CLEAN AIR 4,0024:B100:0002:7776,Leaders For Clean Air,5/14/2018 12:49,MDT,5/14/2018 14:34,MDT,1:45:56,1:31:23,4.245042,0.0,0.5329999999999999,Level 2,3760 Commons Ln,,Salt Lake City,Utah,84104.0,United States,40.74254227,-111.981163,USD,,Plug Out at Vehicle,84087.0
51465,204577,672723,234326671,4.3.4.13 Build 83512 CT4knandflash,,,,,5/14/2018 12:49,MDT,5/14/2018 12:59,MDT,6.0489999999999995,5.849,1.069066,2,,,,,,,,,,,,,,,,,,,,,,,,,
51466,204577,672723,234326671,4.3.4.13 Build 83512 CT4knandflash,,,,,5/14/2018 13:00,MDT,5/14/2018 13:14,MDT,6.016,5.962000000000001,1.490452,2,,,,,,,,,,,,,,,,,,,,,,,,,
51467,204577,672723,234326671,4.3.4.13 Build 83512 CT4knandflash,,,,,5/14/2018 13:15,MDT,5/14/2018 13:29,MDT,5.88,4.183,1.0458040000000002,2,,,,,,,,,,,,,,,,,,,,,,,,,
51468,204577,672723,234326671,4.3.4.13 Build 83512 CT4knandflash,,,,,5/14/2018 13:30,MDT,5/14/2018 13:44,MDT,2.553,1.5430000000000001,0.38578,2,,,,,,,,,,,,,,,,,,,,,,,,,
51469,204577,672723,234326671,4.3.4.13 Build 83512 CT4knandflash,,,,,5/14/2018 13:45,MDT,5/14/2018 13:59,MDT,2.137,0.54,0.134999,2,,,,,,,,,,,,,,,,,,,,,,,,,
51470,204577,672723,234326671,4.3.4.13 Build 83512 CT4knandflash,,,,,5/14/2018 14:00,MDT,5/14/2018 14:14,MDT,1.656,0.32799999999999996,0.082106,2,,,,,,,,,,,,,,,,,,,,,,,,,
51471,204577,672723,234326671,4.3.4.13 Build 83512 CT4knandflash,,,,,5/14/2018 14:15,MDT,5/14/2018 14:29,MDT,1.4380000000000002,0.147,0.036835,2,,,,,,,,,,,,,,,,,,,,,,,,,
51472,204577,672723,234326671,4.3.4.13 Build 83512 CT4knandflash,,,,,5/14/2018 14:30,MDT,5/14/2018 14:34,MDT,0.0,0.0,0.0,2,,,,,,,,,,,,,,,,,,,,,,,,,
51473,204577,672723,234326671,4.3.4.13 Build 83512 CT4knandflash,,,5/14/2018 14:34,MDT,,,,,,,,2,,,,,,,,,,,,,,,,,,,,,,,,,
51626,204577,672723,234070961,4.3.4.13 Build 83512 CT4knandflash,5/14/2018 7:57,MDT,,,5/14/2018 7:57,MDT,,,,,,2,PACKSIZE / CLEAN AIR 4,0024:B100:0002:7776,Leaders For Clean Air,5/14/2018 7:57,MDT,5/14/2018 11:29,MDT,3:32:31,1:46:22,4.110396,0.0,0.516,Level 2,3760 Commons Ln,,Salt Lake City,Utah,84104.0,United States,40.74254227,-111.981163,USD,,Plug Out at Vehicle,84087.0
51627,204577,672723,234070961,4.3.4.13 Build 83512 CT4knandflash,,,,,5/14/2018 7:57,MDT,5/14/2018 7:59,MDT,6.103,5.614,0.271339,2,,,,,,,,,,,,,,,,,,,,,,,,,
51628,204577,672723,234070961,4.3.4.13 Build 83512 CT4knandflash,,,,,5/14/2018 8:00,MDT,5/14/2018 8:14,MDT,6.093999999999999,6.077000000000001,1.51915,2,,,,,,,,,,,,,,,,,,,,,,,,,
51629,204577,672723,234070961,4.3.4.13 Build 83512 CT4knandflash,,,,,5/14/2018 8:15,MDT,5/14/2018 8:29,MDT,6.072,5.3389999999999995,1.334834,2,,,,,,,,,,,,,,,,,,,,,,,,,
51630,204577,672723,234070961,4.3.4.13 Build 83512 CT4knandflash,,,,,5/14/2018 8:30,MDT,5/14/2018 8:44,MDT,3.49,2.141,0.5352100000000001,2,,,,,,,,,,,,,,,,,,,,,,,,,
51631,204577,672723,234070961,4.3.4.13 Build 83512 CT4knandflash,,,,,5/14/2018 8:45,MDT,5/14/2018 8:59,MDT,1.344,0.892,0.223046,2,,,,,,,,,,,,,,,,,,,,,,,,,
51632,204577,672723,234070961,4.3.4.13 Build 83512 CT4knandflash,,,,,5/14/2018 9:00,MDT,5/14/2018 9:14,MDT,1.139,0.48,0.12004400000000001,2,,,,,,,,,,,,,,,,,,,,,,,,,
51633,204577,672723,234070961,4.3.4.13 Build 83512 CT4knandflash,,,,,5/14/2018 9:15,MDT,5/14/2018 9:29,MDT,1.202,0.191,0.047652999999999994,2,,,,,,,,,,,,,,,,,,,,,,,,,
51634,204577,672723,234070961,4.3.4.13 Build 83512 CT4knandflash,,,,,5/14/2018 9:30,MDT,5/14/2018 9:44,MDT,1.203,0.237,0.059158,2,,,,,,,,,,,,,,,,,,,,,,,,,
51635,204577,672723,234070961,4.3.4.13 Build 83512 CT4knandflash,,,,,5/14/2018 9:45,MDT,5/14/2018 9:59,MDT,0.0,0.0,0.0,2,,,,,,,,,,,,,,,,,,,,,,,,,
51636,204577,672723,234070961,4.3.4.13 Build 83512 CT4knandflash,,,,,5/14/2018 10:00,MDT,5/14/2018 10:14,MDT,0.0,0.0,0.0,2,,,,,,,,,,,,,,,,,,,,,,,,,
51637,204577,672723,234070961,4.3.4.13 Build 83512 CT4knandflash,,,,,5/14/2018 10:15,MDT,5/14/2018 10:29,MDT,0.0,0.0,0.0,2,,,,,,,,,,,,,,,,,,,,,,,,,
51638,204577,672723,234070961,4.3.4.13 Build 83512 CT4knandflash,,,,,5/14/2018 10:30,MDT,5/14/2018 10:44,MDT,0.0,0.0,0.0,2,,,,,,,,,,,,,,,,,,,,,,,,,
51639,204577,672723,234070961,4.3.4.13 Build 83512 CT4knandflash,,,,,5/14/2018 10:45,MDT,5/14/2018 10:59,MDT,0.0,0.0,0.0,2,,,,,,,,,,,,,,,,,,,,,,,,,
51640,204577,672723,234070961,4.3.4.13 Build 83512 CT4knandflash,,,,,5/14/2018 11:00,MDT,5/14/2018 11:14,MDT,0.0,0.0,0.0,2,,,,,,,,,,,,,,,,,,,,,,,,,
51641,204577,672723,234070961,4.3.4.13 Build 83512 CT4knandflash,,,,,5/14/2018 11:15,MDT,5/14/2018 11:29,MDT,0.0,0.0,0.0,2,,,,,,,,,,,,,,,,,,,,,,,,,
51642,204577,672723,234070961,4.3.4.13 Build 83512 CT4knandflash,,,5/14/2018 11:29,MDT,,,,,,,,2,,,,,,,,,,,,,,,,,,,,,,,,,
52628,210225,672723,232829141,4.3.4.13 Build 83512 CT4knandflash,5/11/2018 8:15,MDT,,,5/11/2018 8:15,MDT,,,,,,1,PACKSIZE / CLEAN AIR 13,0024:B100:0002:7D81,Leaders For Clean Air,5/11/2018 8:15,MDT,5/11/2018 15:38,MDT,7:23:15,1:51:29,4.15641,0.0,0.522,Level 2,3760 Commons Ln,,Salt Lake City,Utah,84104.0,United States,40.74252701,-111.9811096,USD,,Plug Out at Vehicle,84087.0
52629,210225,672723,232829141,4.3.4.13 Build 83512 CT4knandflash,,,,,5/11/2018 8:15,MDT,5/11/2018 8:29,MDT,3.258,3.1460000000000004,0.757678,1,,,,,,,,,,,,,,,,,,,,,,,,,
52630,210225,672723,232829141,4.3.4.13 Build 83512 CT4knandflash,,,,,5/11/2018 8:30,MDT,5/11/2018 8:44,MDT,3.261,3.247,0.8116270000000001,1,,,,,,,,,,,,,,,,,,,,,,,,,
52631,210225,672723,232829141,4.3.4.13 Build 83512 CT4knandflash,,,,,5/11/2018 8:45,MDT,5/11/2018 8:59,MDT,3.2539999999999996,3.242,0.81037,1,,,,,,,,,,,,,,,,,,,,,,,,,
52632,210225,672723,232829141,4.3.4.13 Build 83512 CT4knandflash,,,,,5/11/2018 9:00,MDT,5/11/2018 9:14,MDT,3.241,3.218,0.804605,1,,,,,,,,,,,,,,,,,,,,,,,,,
52633,210225,672723,232829141,4.3.4.13 Build 83512 CT4knandflash,,,,,5/11/2018 9:15,MDT,5/11/2018 9:29,MDT,3.233,2.56,0.640089,1,,,,,,,,,,,,,,,,,,,,,,,,,
52634,210225,672723,232829141,4.3.4.13 Build 83512 CT4knandflash,,,,,5/11/2018 9:30,MDT,5/11/2018 9:44,MDT,2.029,0.847,0.211693,1,,,,,,,,,,,,,,,,,,,,,,,,,
52635,210225,672723,232829141,4.3.4.13 Build 83512 CT4knandflash,,,,,5/11/2018 9:45,MDT,5/11/2018 9:59,MDT,1.308,0.376,0.093974,1,,,,,,,,,,,,,,,,,,,,,,,,,
52636,210225,672723,232829141,4.3.4.13 Build 83512 CT4knandflash,,,,,5/11/2018 10:00,MDT,5/11/2018 10:14,MDT,1.305,0.106,0.026374,1,,,,,,,,,,,,,,,,,,,,,,,,,
52637,210225,672723,232829141,4.3.4.13 Build 83512 CT4knandflash,,,,,5/11/2018 10:15,MDT,5/11/2018 10:29,MDT,0.0,0.0,0.0,1,,,,,,,,,,,,,,,,,,,,,,,,,
52638,210225,672723,232829141,4.3.4.13 Build 83512 CT4knandflash,,,,,5/11/2018 10:30,MDT,5/11/2018 10:44,MDT,0.0,0.0,0.0,1,,,,,,,,,,,,,,,,,,,,,,,,,
52639,210225,672723,232829141,4.3.4.13 Build 83512 CT4knandflash,,,,,5/11/2018 10:45,MDT,5/11/2018 10:59,MDT,0.0,0.0,0.0,1,,,,,,,,,,,,,,,,,,,,,,,,,
52640,210225,672723,232829141,4.3.4.13 Build 83512 CT4knandflash,,,,,5/11/2018 11:00,MDT,5/11/2018 11:14,MDT,0.0,0.0,0.0,1,,,,,,,,,,,,,,,,,,,,,,,,,
52641,210225,672723,232829141,4.3.4.13 Build 83512 CT4knandflash,,,,,5/11/2018 11:15,MDT,5/11/2018 11:29,MDT,0.0,0.0,0.0,1,,,,,,,,,,,,,,,,,,,,,,,,,
52642,210225,672723,232829141,4.3.4.13 Build 83512 CT4knandflash,,,,,5/11/2018 11:30,MDT,5/11/2018 11:44,MDT,0.0,0.0,0.0,1,,,,,,,,,,,,,,,,,,,,,,,,,
52643,210225,672723,232829141,4.3.4.13 Build 83512 CT4knandflash,,,,,5/11/2018 11:45,MDT,5/11/2018 11:59,MDT,0.0,0.0,0.0,1,,,,,,,,,,,,,,,,,,,,,,,,,
52644,210225,672723,232829141,4.3.4.13 Build 83512 CT4knandflash,,,,,5/11/2018 12:00,MDT,5/11/2018 12:14,MDT,0.0,0.0,0.0,1,,,,,,,,,,,,,,,,,,,,,,,,,
52645,210225,672723,232829141,4.3.4.13 Build 83512 CT4knandflash,,,,,5/11/2018 12:15,MDT,5/11/2018 12:29,MDT,0.0,0.0,0.0,1,,,,,,,,,,,,,,,,,,,,,,,,,
52646,210225,672723,232829141,4.3.4.13 Build 83512 CT4knandflash,,,,,5/11/2018 12:30,MDT,5/11/2018 12:44,MDT,0.0,0.0,0.0,1,,,,,,,,,,,,,,,,,,,,,,,,,
52647,210225,672723,232829141,4.3.4.13 Build 83512 CT4knandflash,,,,,5/11/2018 12:45,MDT,5/11/2018 12:59,MDT,0.0,0.0,0.0,1,,,,,,,,,,,,,,,,,,,,,,,,,
52648,210225,672723,232829141,4.3.4.13 Build 83512 CT4knandflash,,,,,5/11/2018 13:00,MDT,5/11/2018 13:14,MDT,0.0,0.0,0.0,1,,,,,,,,,,,,,,,,,,,,,,,,,
52649,210225,672723,232829141,4.3.4.13 Build 83512 CT4knandflash,,,,,5/11/2018 13:15,MDT,5/11/2018 13:29,MDT,0.0,0.0,0.0,1,,,,,,,,,,,,,,,,,,,,,,,,,
52650,210225,672723,232829141,4.3.4.13 Build 83512 CT4knandflash,,,,,5/11/2018 13:30,MDT,5/11/2018 13:44,MDT,0.0,0.0,0.0,1,,,,,,,,,,,,,,,,,,,,,,,,,
52651,210225,672723,232829141,4.3.4.13 Build 83512 CT4knandflash,,,,,5/11/2018 13:45,MDT,5/11/2018 13:59,MDT,0.0,0.0,0.0,1,,,,,,,,,,,,,,,,,,,,,,,,,
52652,210225,672723,232829141,4.3.4.13 Build 83512 CT4knandflash,,,,,5/11/2018 14:00,MDT,5/11/2018 14:14,MDT,0.0,0.0,0.0,1,,,,,,,,,,,,,,,,,,,,,,,,,
52653,210225,672723,232829141,4.3.4.13 Build 83512 CT4knandflash,,,,,5/11/2018 14:15,MDT,5/11/2018 14:29,MDT,0.0,0.0,0.0,1,,,,,,,,,,,,,,,,,,,,,,,,,
52654,210225,672723,232829141,4.3.4.13 Build 83512 CT4knandflash,,,,,5/11/2018 14:30,MDT,5/11/2018 14:44,MDT,0.0,0.0,0.0,1,,,,,,,,,,,,,,,,,,,,,,,,,
52655,210225,672723,232829141,4.3.4.13 Build 83512 CT4knandflash,,,,,5/11/2018 14:45,MDT,5/11/2018 14:59,MDT,0.0,0.0,0.0,1,,,,,,,,,,,,,,,,,,,,,,,,,
52656,210225,672723,232829141,4.3.4.13 Build 83512 CT4knandflash,,,,,5/11/2018 15:00,MDT,5/11/2018 15:14,MDT,0.0,0.0,0.0,1,,,,,,,,,,,,,,,,,,,,,,,,,
52657,210225,672723,232829141,4.3.4.13 Build 83512 CT4knandflash,,,,,5/11/2018 15:15,MDT,5/11/2018 15:29,MDT,0.0,0.0,0.0,1,,,,,,,,,,,,,,,,,,,,,,,,,
52658,210225,672723,232829141,4.3.4.13 Build 83512 CT4knandflash,,,,,5/11/2018 15:30,MDT,5/11/2018 15:38,MDT,0.0,0.0,0.0,1,,,,,,,,,,,,,,,,,,,,,,,,,
52659,210225,672723,232829141,4.3.4.13 Build 83512 CT4knandflash,,,5/11/2018 15:38,MDT,,,,,,,,1,,,,,,,,,,,,,,,,,,,,,,,,,
52927,204577,672723,232161731,4.3.4.13 Build 83512 CT4knandflash,5/10/2018 8:24,MDT,,,5/10/2018 8:24,MDT,,,,,,2,PACKSIZE / CLEAN AIR 4,0024:B100:0002:7776,Leaders For Clean Air,5/10/2018 8:24,MDT,5/10/2018 11:38,MDT,3:14:14,1:23:22,3.9370879999999997,0.0,0.494,Level 2,3760 Commons Ln,,Salt Lake City,Utah,84104.0,United States,40.74254227,-111.981163,USD,,Plug Out at Vehicle,84087.0
52928,204577,672723,232161731,4.3.4.13 Build 83512 CT4knandflash,,,,,5/10/2018 8:24,MDT,5/10/2018 8:29,MDT,6.002000000000001,5.612,0.54714,2,,,,,,,,,,,,,,,,,,,,,,,,,
52929,204577,672723,232161731,4.3.4.13 Build 83512 CT4knandflash,,,,,5/10/2018 8:30,MDT,5/10/2018 8:44,MDT,6.0,5.962999999999999,1.490716,2,,,,,,,,,,,,,,,,,,,,,,,,,
52930,204577,672723,232161731,4.3.4.13 Build 83512 CT4knandflash,,,,,5/10/2018 8:45,MDT,5/10/2018 8:59,MDT,5.992999999999999,5.111000000000001,1.277795,2,,,,,,,,,,,,,,,,,,,,,,,,,
52931,204577,672723,232161731,4.3.4.13 Build 83512 CT4knandflash,,,,,5/10/2018 9:00,MDT,5/10/2018 9:14,MDT,3.0069999999999997,1.646,0.41138900000000006,2,,,,,,,,,,,,,,,,,,,,,,,,,
52932,204577,672723,232161731,4.3.4.13 Build 83512 CT4knandflash,,,,,5/10/2018 9:15,MDT,5/10/2018 9:29,MDT,1.82,0.503,0.125685,2,,,,,,,,,,,,,,,,,,,,,,,,,
52933,204577,672723,232161731,4.3.4.13 Build 83512 CT4knandflash,,,,,5/10/2018 9:30,MDT,5/10/2018 9:44,MDT,1.446,0.221,0.055182,2,,,,,,,,,,,,,,,,,,,,,,,,,
52934,204577,672723,232161731,4.3.4.13 Build 83512 CT4knandflash,,,,,5/10/2018 9:45,MDT,5/10/2018 9:59,MDT,1.4069999999999998,0.11699999999999999,0.029181,2,,,,,,,,,,,,,,,,,,,,,,,,,
52935,204577,672723,232161731,4.3.4.13 Build 83512 CT4knandflash,,,,,5/10/2018 10:00,MDT,5/10/2018 10:14,MDT,0.0,0.0,0.0,2,,,,,,,,,,,,,,,,,,,,,,,,,
52936,204577,672723,232161731,4.3.4.13 Build 83512 CT4knandflash,,,,,5/10/2018 10:15,MDT,5/10/2018 10:29,MDT,0.0,0.0,0.0,2,,,,,,,,,,,,,,,,,,,,,,,,,
52937,204577,672723,232161731,4.3.4.13 Build 83512 CT4knandflash,,,,,5/10/2018 10:30,MDT,5/10/2018 10:44,MDT,0.0,0.0,0.0,2,,,,,,,,,,,,,,,,,,,,,,,,,
52938,204577,672723,232161731,4.3.4.13 Build 83512 CT4knandflash,,,,,5/10/2018 10:45,MDT,5/10/2018 10:59,MDT,0.0,0.0,0.0,2,,,,,,,,,,,,,,,,,,,,,,,,,
52939,204577,672723,232161731,4.3.4.13 Build 83512 CT4knandflash,,,,,5/10/2018 11:00,MDT,5/10/2018 11:14,MDT,0.0,0.0,0.0,2,,,,,,,,,,,,,,,,,,,,,,,,,
52940,204577,672723,232161731,4.3.4.13 Build 83512 CT4knandflash,,,,,5/10/2018 11:15,MDT,5/10/2018 11:29,MDT,0.0,0.0,0.0,2,,,,,,,,,,,,,,,,,,,,,,,,,
52941,204577,672723,232161731,4.3.4.13 Build 83512 CT4knandflash,,,,,5/10/2018 11:30,MDT,5/10/2018 11:38,MDT,0.0,0.0,0.0,2,,,,,,,,,,,,,,,,,,,,,,,,,
52942,204577,672723,232161731,4.3.4.13 Build 83512 CT4knandflash,,,5/10/2018 11:38,MDT,,,,,,,,2,,,,,,,,,,,,,,,,,,,,,,,,,
53226,210215,672723,231486381,4.3.4.13 Build 83512 CT4knandflash,5/9/2018 8:25,MDT,,,5/9/2018 8:25,MDT,,,,,,2,PACKSIZE / CLEAN AIR 10,0024:B100:0002:7D4E,Leaders For Clean Air,5/9/2018 8:25,MDT,5/9/2018 16:20,MDT,7:54:39,2:51:51,12.928474000000001,0.0,1.6230000000000002,Level 2,3760 Commons Ln,,Salt Lake City,Utah,84104.0,United States,40.74256897,-111.98126979999999,USD,,Plug Out at Vehicle,84087.0
53227,210215,672723,231486381,4.3.4.13 Build 83512 CT4knandflash,,,,,5/9/2018 8:25,MDT,5/9/2018 8:29,MDT,6.058,5.6370000000000005,0.436829,2,,,,,,,,,,,,,,,,,,,,,,,,,
53228,210215,672723,231486381,4.3.4.13 Build 83512 CT4knandflash,,,,,5/9/2018 8:30,MDT,5/9/2018 8:44,MDT,6.0520000000000005,6.0729999999999995,1.518341,2,,,,,,,,,,,,,,,,,,,,,,,,,
53229,210215,672723,231486381,4.3.4.13 Build 83512 CT4knandflash,,,,,5/9/2018 8:45,MDT,5/9/2018 8:59,MDT,6.039,6.016,1.504046,2,,,,,,,,,,,,,,,,,,,,,,,,,
53230,210215,672723,231486381,4.3.4.13 Build 83512 CT4knandflash,,,,,5/9/2018 9:00,MDT,5/9/2018 9:14,MDT,6.042000000000001,6.007000000000001,1.5018040000000001,2,,,,,,,,,,,,,,,,,,,,,,,,,
53231,210215,672723,231486381,4.3.4.13 Build 83512 CT4knandflash,,,,,5/9/2018 9:15,MDT,5/9/2018 9:29,MDT,5.997999999999999,5.973,1.4932729999999999,2,,,,,,,,,,,,,,,,,,,,,,,,,
53232,210215,672723,231486381,4.3.4.13 Build 83512 CT4knandflash,,,,,5/9/2018 9:30,MDT,5/9/2018 9:44,MDT,5.997000000000001,5.975,1.493788,2,,,,,,,,,,,,,,,,,,,,,,,,,
53233,210215,672723,231486381,4.3.4.13 Build 83512 CT4knandflash,,,,,5/9/2018 9:45,MDT,5/9/2018 9:59,MDT,5.977,5.962000000000001,1.490438,2,,,,,,,,,,,,,,,,,,,,,,,,,
53234,210215,672723,231486381,4.3.4.13 Build 83512 CT4knandflash,,,,,5/9/2018 10:00,MDT,5/9/2018 10:14,MDT,5.962000000000001,5.942,1.48537,2,,,,,,,,,,,,,,,,,,,,,,,,,
53235,210215,672723,231486381,4.3.4.13 Build 83512 CT4knandflash,,,,,5/9/2018 10:15,MDT,5/9/2018 10:29,MDT,5.957999999999999,5.114,1.278437,2,,,,,,,,,,,,,,,,,,,,,,,,,
53236,210215,672723,231486381,4.3.4.13 Build 83512 CT4knandflash,,,,,5/9/2018 10:30,MDT,5/9/2018 10:44,MDT,3.738,1.885,0.471264,2,,,,,,,,,,,,,,,,,,,,,,,,,
53237,210215,672723,231486381,4.3.4.13 Build 83512 CT4knandflash,,,,,5/9/2018 10:45,MDT,5/9/2018 10:59,MDT,1.55,0.609,0.15223499999999998,2,,,,,,,,,,,,,,,,,,,,,,,,,
53238,210215,672723,231486381,4.3.4.13 Build 83512 CT4knandflash,,,,,5/9/2018 11:00,MDT,5/9/2018 11:14,MDT,1.321,0.299,0.07484099999999999,2,,,,,,,,,,,,,,,,,,,,,,,,,
53239,210215,672723,231486381,4.3.4.13 Build 83512 CT4knandflash,,,,,5/9/2018 11:15,MDT,5/9/2018 11:29,MDT,0.924,0.111,0.027808999999999997,2,,,,,,,,,,,,,,,,,,,,,,,,,
53240,210215,672723,231486381,4.3.4.13 Build 83512 CT4knandflash,,,,,5/9/2018 11:30,MDT,5/9/2018 11:44,MDT,0.0,0.0,0.0,2,,,,,,,,,,,,,,,,,,,,,,,,,
53241,210215,672723,231486381,4.3.4.13 Build 83512 CT4knandflash,,,,,5/9/2018 11:45,MDT,5/9/2018 11:59,MDT,0.0,0.0,0.0,2,,,,,,,,,,,,,,,,,,,,,,,,,
53242,210215,672723,231486381,4.3.4.13 Build 83512 CT4knandflash,,,,,5/9/2018 12:00,MDT,5/9/2018 12:14,MDT,0.0,0.0,0.0,2,,,,,,,,,,,,,,,,,,,,,,,,,
53243,210215,672723,231486381,4.3.4.13 Build 83512 CT4knandflash,,,,,5/9/2018 12:15,MDT,5/9/2018 12:29,MDT,0.0,0.0,0.0,2,,,,,,,,,,,,,,,,,,,,,,,,,
53244,210215,672723,231486381,4.3.4.13 Build 83512 CT4knandflash,,,,,5/9/2018 12:30,MDT,5/9/2018 12:44,MDT,0.0,0.0,0.0,2,,,,,,,,,,,,,,,,,,,,,,,,,
53245,210215,672723,231486381,4.3.4.13 Build 83512 CT4knandflash,,,,,5/9/2018 12:45,MDT,5/9/2018 12:59,MDT,0.0,0.0,0.0,2,,,,,,,,,,,,,,,,,,,,,,,,,
53246,210215,672723,231486381,4.3.4.13 Build 83512 CT4knandflash,,,,,5/9/2018 13:00,MDT,5/9/2018 13:14,MDT,0.0,0.0,0.0,2,,,,,,,,,,,,,,,,,,,,,,,,,
53247,210215,672723,231486381,4.3.4.13 Build 83512 CT4knandflash,,,,,5/9/2018 13:15,MDT,5/9/2018 13:29,MDT,0.0,0.0,0.0,2,,,,,,,,,,,,,,,,,,,,,,,,,
53248,210215,672723,231486381,4.3.4.13 Build 83512 CT4knandflash,,,,,5/9/2018 13:30,MDT,5/9/2018 13:44,MDT,0.0,0.0,0.0,2,,,,,,,,,,,,,,,,,,,,,,,,,
53249,210215,672723,231486381,4.3.4.13 Build 83512 CT4knandflash,,,,,5/9/2018 13:45,MDT,5/9/2018 13:59,MDT,0.0,0.0,0.0,2,,,,,,,,,,,,,,,,,,,,,,,,,
53250,210215,672723,231486381,4.3.4.13 Build 83512 CT4knandflash,,,,,5/9/2018 14:00,MDT,5/9/2018 14:14,MDT,0.0,0.0,0.0,2,,,,,,,,,,,,,,,,,,,,,,,,,
53251,210215,672723,231486381,4.3.4.13 Build 83512 CT4knandflash,,,,,5/9/2018 14:15,MDT,5/9/2018 14:29,MDT,0.0,0.0,0.0,2,,,,,,,,,,,,,,,,,,,,,,,,,
53252,210215,672723,231486381,4.3.4.13 Build 83512 CT4knandflash,,,,,5/9/2018 14:30,MDT,5/9/2018 14:44,MDT,0.0,0.0,0.0,2,,,,,,,,,,,,,,,,,,,,,,,,,
53253,210215,672723,231486381,4.3.4.13 Build 83512 CT4knandflash,,,,,5/9/2018 14:45,MDT,5/9/2018 14:59,MDT,0.0,0.0,0.0,2,,,,,,,,,,,,,,,,,,,,,,,,,
53254,210215,672723,231486381,4.3.4.13 Build 83512 CT4knandflash,,,,,5/9/2018 15:00,MDT,5/9/2018 15:14,MDT,0.0,0.0,0.0,2,,,,,,,,,,,,,,,,,,,,,,,,,
53255,210215,672723,231486381,4.3.4.13 Build 83512 CT4knandflash,,,,,5/9/2018 15:15,MDT,5/9/2018 15:29,MDT,0.0,0.0,0.0,2,,,,,,,,,,,,,,,,,,,,,,,,,
53256,210215,672723,231486381,4.3.4.13 Build 83512 CT4knandflash,,,,,5/9/2018 15:30,MDT,5/9/2018 15:44,MDT,0.0,0.0,0.0,2,,,,,,,,,,,,,,,,,,,,,,,,,
53257,210215,672723,231486381,4.3.4.13 Build 83512 CT4knandflash,,,,,5/9/2018 15:45,MDT,5/9/2018 15:59,MDT,0.0,0.0,0.0,2,,,,,,,,,,,,,,,,,,,,,,,,,
53258,210215,672723,231486381,4.3.4.13 Build 83512 CT4knandflash,,,,,5/9/2018 16:00,MDT,5/9/2018 16:14,MDT,0.0,0.0,0.0,2,,,,,,,,,,,,,,,,,,,,,,,,,
53259,210215,672723,231486381,4.3.4.13 Build 83512 CT4knandflash,,,,,5/9/2018 16:15,MDT,5/9/2018 16:20,MDT,0.0,0.0,0.0,2,,,,,,,,,,,,,,,,,,,,,,,,,
53260,210215,672723,231486381,4.3.4.13 Build 83512 CT4knandflash,,,5/9/2018 16:20,MDT,,,,,,,,2,,,,,,,,,,,,,,,,,,,,,,,,,
53487,210225,672723,230818911,4.3.4.13 Build 83512 CT4knandflash,5/8/2018 8:47,MDT,,,5/8/2018 8:47,MDT,,,,,,2,PACKSIZE / CLEAN AIR 13,0024:B100:0002:7D81,Leaders For Clean Air,5/8/2018 8:47,MDT,5/8/2018 14:15,MDT,5:27:53,1:29:16,3.670261,0.0,0.461,Level 2,3760 Commons Ln,,Salt Lake City,Utah,84104.0,United States,40.74252701,-111.9811096,USD,,Plug Out at Vehicle,84087.0
53488,210225,672723,230818911,4.3.4.13 Build 83512 CT4knandflash,,,,,5/8/2018 8:47,MDT,5/8/2018 8:59,MDT,5.966,5.082,1.041856,2,,,,,,,,,,,,,,,,,,,,,,,,,
53489,210225,672723,230818911,4.3.4.13 Build 83512 CT4knandflash,,,,,5/8/2018 9:00,MDT,5/8/2018 9:14,MDT,5.871,0.478,0.11948399999999999,2,,,,,,,,,,,,,,,,,,,,,,,,,
53490,210225,672723,230818911,4.3.4.13 Build 83512 CT4knandflash,,,,,5/8/2018 9:15,MDT,5/8/2018 9:29,MDT,3.987,3.2439999999999998,0.810922,2,,,,,,,,,,,,,,,,,,,,,,,,,
53491,210225,672723,230818911,4.3.4.13 Build 83512 CT4knandflash,,,,,5/8/2018 9:30,MDT,5/8/2018 9:44,MDT,4.579,3.8310000000000004,0.957678,2,,,,,,,,,,,,,,,,,,,,,,,,,
53492,210225,672723,230818911,4.3.4.13 Build 83512 CT4knandflash,,,,,5/8/2018 9:45,MDT,5/8/2018 9:59,MDT,3.2,1.983,0.495753,2,,,,,,,,,,,,,,,,,,,,,,,,,
53493,210225,672723,230818911,4.3.4.13 Build 83512 CT4knandflash,,,,,5/8/2018 10:00,MDT,5/8/2018 10:14,MDT,1.4469999999999998,0.609,0.152151,2,,,,,,,,,,,,,,,,,,,,,,,,,
53494,210225,672723,230818911,4.3.4.13 Build 83512 CT4knandflash,,,,,5/8/2018 10:15,MDT,5/8/2018 10:29,MDT,1.5730000000000002,0.23800000000000002,0.059479,2,,,,,,,,,,,,,,,,,,,,,,,,,
53495,210225,672723,230818911,4.3.4.13 Build 83512 CT4knandflash,,,,,5/8/2018 10:30,MDT,5/8/2018 10:44,MDT,1.328,0.132,0.032938,2,,,,,,,,,,,,,,,,,,,,,,,,,
53496,210225,672723,230818911,4.3.4.13 Build 83512 CT4knandflash,,,,,5/8/2018 10:45,MDT,5/8/2018 10:59,MDT,0.0,0.0,0.0,2,,,,,,,,,,,,,,,,,,,,,,,,,
53497,210225,672723,230818911,4.3.4.13 Build 83512 CT4knandflash,,,,,5/8/2018 11:00,MDT,5/8/2018 11:14,MDT,0.0,0.0,0.0,2,,,,,,,,,,,,,,,,,,,,,,,,,
53498,210225,672723,230818911,4.3.4.13 Build 83512 CT4knandflash,,,,,5/8/2018 11:15,MDT,5/8/2018 11:29,MDT,0.0,0.0,0.0,2,,,,,,,,,,,,,,,,,,,,,,,,,
53499,210225,672723,230818911,4.3.4.13 Build 83512 CT4knandflash,,,,,5/8/2018 11:30,MDT,5/8/2018 11:44,MDT,0.0,0.0,0.0,2,,,,,,,,,,,,,,,,,,,,,,,,,
53500,210225,672723,230818911,4.3.4.13 Build 83512 CT4knandflash,,,,,5/8/2018 11:45,MDT,5/8/2018 11:59,MDT,0.0,0.0,0.0,2,,,,,,,,,,,,,,,,,,,,,,,,,
53501,210225,672723,230818911,4.3.4.13 Build 83512 CT4knandflash,,,,,5/8/2018 12:00,MDT,5/8/2018 12:14,MDT,0.0,0.0,0.0,2,,,,,,,,,,,,,,,,,,,,,,,,,
53502,210225,672723,230818911,4.3.4.13 Build 83512 CT4knandflash,,,,,5/8/2018 12:15,MDT,5/8/2018 12:29,MDT,0.0,0.0,0.0,2,,,,,,,,,,,,,,,,,,,,,,,,,
53503,210225,672723,230818911,4.3.4.13 Build 83512 CT4knandflash,,,,,5/8/2018 12:30,MDT,5/8/2018 12:44,MDT,0.0,0.0,0.0,2,,,,,,,,,,,,,,,,,,,,,,,,,
53504,210225,672723,230818911,4.3.4.13 Build 83512 CT4knandflash,,,,,5/8/2018 12:45,MDT,5/8/2018 12:59,MDT,0.0,0.0,0.0,2,,,,,,,,,,,,,,,,,,,,,,,,,
53505,210225,672723,230818911,4.3.4.13 Build 83512 CT4knandflash,,,,,5/8/2018 13:00,MDT,5/8/2018 13:14,MDT,0.0,0.0,0.0,2,,,,,,,,,,,,,,,,,,,,,,,,,
53506,210225,672723,230818911,4.3.4.13 Build 83512 CT4knandflash,,,,,5/8/2018 13:15,MDT,5/8/2018 13:29,MDT,0.0,0.0,0.0,2,,,,,,,,,,,,,,,,,,,,,,,,,
53507,210225,672723,230818911,4.3.4.13 Build 83512 CT4knandflash,,,,,5/8/2018 13:30,MDT,5/8/2018 13:44,MDT,0.0,0.0,0.0,2,,,,,,,,,,,,,,,,,,,,,,,,,
53508,210225,672723,230818911,4.3.4.13 Build 83512 CT4knandflash,,,,,5/8/2018 13:45,MDT,5/8/2018 13:59,MDT,0.0,0.0,0.0,2,,,,,,,,,,,,,,,,,,,,,,,,,
53509,210225,672723,230818911,4.3.4.13 Build 83512 CT4knandflash,,,,,5/8/2018 14:00,MDT,5/8/2018 14:14,MDT,0.0,0.0,0.0,2,,,,,,,,,,,,,,,,,,,,,,,,,
53510,210225,672723,230818911,4.3.4.13 Build 83512 CT4knandflash,,,,,5/8/2018 14:15,MDT,5/8/2018 14:15,MDT,0.0,0.0,0.0,2,,,,,,,,,,,,,,,,,,,,,,,,,
53511,210225,672723,230818911,4.3.4.13 Build 83512 CT4knandflash,,,5/8/2018 14:15,MDT,,,,,,,,2,,,,,,,,,,,,,,,,,,,,,,,,,
54002,210225,672723,230327981,4.3.4.13 Build 83512 CT4knandflash,5/7/2018 12:32,MDT,,,5/7/2018 12:32,MDT,,,,,,2,PACKSIZE / CLEAN AIR 13,0024:B100:0002:7D81,Leaders For Clean Air,5/7/2018 12:32,MDT,5/7/2018 15:32,MDT,2:59:37,1:35:47,5.206434,0.0,0.653,Level 2,3760 Commons Ln,,Salt Lake City,Utah,84104.0,United States,40.74252701,-111.9811096,USD,,Plug Out at Vehicle,84087.0
54003,210225,672723,230327981,4.3.4.13 Build 83512 CT4knandflash,,,,,5/7/2018 12:32,MDT,5/7/2018 12:44,MDT,6.085,5.8229999999999995,1.1824059999999998,2,,,,,,,,,,,,,,,,,,,,,,,,,
54004,210225,672723,230327981,4.3.4.13 Build 83512 CT4knandflash,,,,,5/7/2018 12:45,MDT,5/7/2018 12:59,MDT,6.029,5.995,1.4987840000000001,2,,,,,,,,,,,,,,,,,,,,,,,,,
54005,210225,672723,230327981,4.3.4.13 Build 83512 CT4knandflash,,,,,5/7/2018 13:00,MDT,5/7/2018 13:14,MDT,5.972,5.836,1.458993,2,,,,,,,,,,,,,,,,,,,,,,,,,
54006,210225,672723,230327981,4.3.4.13 Build 83512 CT4knandflash,,,,,5/7/2018 13:15,MDT,5/7/2018 13:29,MDT,4.923,2.835,0.708765,2,,,,,,,,,,,,,,,,,,,,,,,,,
54007,210225,672723,230327981,4.3.4.13 Build 83512 CT4knandflash,,,,,5/7/2018 13:30,MDT,5/7/2018 13:44,MDT,1.839,0.894,0.223467,2,,,,,,,,,,,,,,,,,,,,,,,,,
54008,210225,672723,230327981,4.3.4.13 Build 83512 CT4knandflash,,,,,5/7/2018 13:45,MDT,5/7/2018 13:59,MDT,1.2919999999999998,0.35700000000000004,0.08922999999999999,2,,,,,,,,,,,,,,,,,,,,,,,,,
54009,210225,672723,230327981,4.3.4.13 Build 83512 CT4knandflash,,,,,5/7/2018 14:00,MDT,5/7/2018 14:14,MDT,1.2990000000000002,0.179,0.044788999999999995,2,,,,,,,,,,,,,,,,,,,,,,,,,
54010,210225,672723,230327981,4.3.4.13 Build 83512 CT4knandflash,,,,,5/7/2018 14:15,MDT,5/7/2018 14:29,MDT,0.0,0.0,0.0,2,,,,,,,,,,,,,,,,,,,,,,,,,
54011,210225,672723,230327981,4.3.4.13 Build 83512 CT4knandflash,,,,,5/7/2018 14:30,MDT,5/7/2018 14:44,MDT,0.0,0.0,0.0,2,,,,,,,,,,,,,,,,,,,,,,,,,
54012,210225,672723,230327981,4.3.4.13 Build 83512 CT4knandflash,,,,,5/7/2018 14:45,MDT,5/7/2018 14:59,MDT,0.0,0.0,0.0,2,,,,,,,,,,,,,,,,,,,,,,,,,
54013,210225,672723,230327981,4.3.4.13 Build 83512 CT4knandflash,,,,,5/7/2018 15:00,MDT,5/7/2018 15:14,MDT,0.0,0.0,0.0,2,,,,,,,,,,,,,,,,,,,,,,,,,
54014,210225,672723,230327981,4.3.4.13 Build 83512 CT4knandflash,,,,,5/7/2018 15:15,MDT,5/7/2018 15:29,MDT,0.0,0.0,0.0,2,,,,,,,,,,,,,,,,,,,,,,,,,
54015,210225,672723,230327981,4.3.4.13 Build 83512 CT4knandflash,,,,,5/7/2018 15:30,MDT,5/7/2018 15:32,MDT,0.0,0.0,0.0,2,,,,,,,,,,,,,,,,,,,,,,,,,
54016,210225,672723,230327981,4.3.4.13 Build 83512 CT4knandflash,,,5/7/2018 15:32,MDT,,,,,,,,2,,,,,,,,,,,,,,,,,,,,,,,,,
54094,204577,672723,230109271,4.3.4.13 Build 83512 CT4knandflash,5/7/2018 8:27,MDT,,,5/7/2018 8:27,MDT,,,,,,2,PACKSIZE / CLEAN AIR 4,0024:B100:0002:7776,Leaders For Clean Air,5/7/2018 8:27,MDT,5/7/2018 10:03,MDT,1:36:23,1:36:15,7.671957000000001,0.0,0.963,Level 2,3760 Commons Ln,,Salt Lake City,Utah,84104.0,United States,40.74254227,-111.981163,USD,,Plug Out at Vehicle,84087.0
54095,204577,672723,230109271,4.3.4.13 Build 83512 CT4knandflash,,,,,5/7/2018 8:27,MDT,5/7/2018 8:29,MDT,6.02,5.457999999999999,0.22287300000000002,2,,,,,,,,,,,,,,,,,,,,,,,,,
54096,204577,672723,230109271,4.3.4.13 Build 83512 CT4knandflash,,,,,5/7/2018 8:30,MDT,5/7/2018 8:44,MDT,6.037000000000001,6.03,1.507557,2,,,,,,,,,,,,,,,,,,,,,,,,,
54097,204577,672723,230109271,4.3.4.13 Build 83512 CT4knandflash,,,,,5/7/2018 8:45,MDT,5/7/2018 8:59,MDT,6.03,6.001,1.500291,2,,,,,,,,,,,,,,,,,,,,,,,,,
54098,204577,672723,230109271,4.3.4.13 Build 83512 CT4knandflash,,,,,5/7/2018 9:00,MDT,5/7/2018 9:14,MDT,6.001,5.941,1.485119,2,,,,,,,,,,,,,,,,,,,,,,,,,
54099,204577,672723,230109271,4.3.4.13 Build 83512 CT4knandflash,,,,,5/7/2018 9:15,MDT,5/7/2018 9:29,MDT,6.034,5.882999999999999,1.470651,2,,,,,,,,,,,,,,,,,,,,,,,,,
54100,204577,672723,230109271,4.3.4.13 Build 83512 CT4knandflash,,,,,5/7/2018 9:30,MDT,5/7/2018 9:44,MDT,5.882000000000001,4.184,1.04595,2,,,,,,,,,,,,,,,,,,,,,,,,,
54101,204577,672723,230109271,4.3.4.13 Build 83512 CT4knandflash,,,,,5/7/2018 9:45,MDT,5/7/2018 9:59,MDT,2.662,1.5219999999999998,0.38050900000000004,2,,,,,,,,,,,,,,,,,,,,,,,,,
54102,204577,672723,230109271,4.3.4.13 Build 83512 CT4knandflash,,,,,5/7/2018 10:00,MDT,5/7/2018 10:03,MDT,1.4169999999999998,0.893,0.059007000000000004,2,,,,,,,,,,,,,,,,,,,,,,,,,
54103,204577,672723,230109271,4.3.4.13 Build 83512 CT4knandflash,,,5/7/2018 10:03,MDT,,,,,,,,2,,,,,,,,,,,,,,,,,,,,,,,,,
54873,210215,672723,228779521,4.3.4.13 Build 83512 CT4knandflash,5/4/2018 7:48,MDT,,,5/4/2018 7:48,MDT,,,,,,2,PACKSIZE / CLEAN AIR 10,0024:B100:0002:7D4E,Leaders For Clean Air,5/4/2018 7:48,MDT,5/4/2018 10:01,MDT,2:13:47,2:13:31,9.015157,0.0,1.131,Level 2,3760 Commons Ln,,Salt Lake City,Utah,84104.0,United States,40.74256897,-111.98126979999999,USD,,Plug Out at Vehicle,84087.0
54874,210215,672723,228779521,4.3.4.13 Build 83512 CT4knandflash,,,,,5/4/2018 7:48,MDT,5/4/2018 7:59,MDT,6.12,5.894,1.1608690000000002,2,,,,,,,,,,,,,,,,,,,,,,,,,
54875,210215,672723,228779521,4.3.4.13 Build 83512 CT4knandflash,,,,,5/4/2018 8:00,MDT,5/4/2018 8:14,MDT,6.081,6.064,1.51587,2,,,,,,,,,,,,,,,,,,,,,,,,,
54876,210215,672723,228779521,4.3.4.13 Build 83512 CT4knandflash,,,,,5/4/2018 8:15,MDT,5/4/2018 8:29,MDT,6.068,6.0520000000000005,1.513015,2,,,,,,,,,,,,,,,,,,,,,,,,,
54877,210215,672723,228779521,4.3.4.13 Build 83512 CT4knandflash,,,,,5/4/2018 8:30,MDT,5/4/2018 8:44,MDT,6.055,6.024,1.5060719999999999,2,,,,,,,,,,,,,,,,,,,,,,,,,
54878,210215,672723,228779521,4.3.4.13 Build 83512 CT4knandflash,,,,,5/4/2018 8:45,MDT,5/4/2018 8:59,MDT,6.058,6.058,1.514394,2,,,,,,,,,,,,,,,,,,,,,,,,,
54879,210215,672723,228779521,4.3.4.13 Build 83512 CT4knandflash,,,,,5/4/2018 9:00,MDT,5/4/2018 9:14,MDT,5.981,4.003,1.000743,2,,,,,,,,,,,,,,,,,,,,,,,,,
54880,210215,672723,228779521,4.3.4.13 Build 83512 CT4knandflash,,,,,5/4/2018 9:15,MDT,5/4/2018 9:29,MDT,2.812,1.7590000000000001,0.439842,2,,,,,,,,,,,,,,,,,,,,,,,,,
54881,210215,672723,228779521,4.3.4.13 Build 83512 CT4knandflash,,,,,5/4/2018 9:30,MDT,5/4/2018 9:44,MDT,1.3219999999999998,0.934,0.23346799999999998,2,,,,,,,,,,,,,,,,,,,,,,,,,
54882,210215,672723,228779521,4.3.4.13 Build 83512 CT4knandflash,,,,,5/4/2018 9:45,MDT,5/4/2018 9:59,MDT,1.327,0.434,0.108521,2,,,,,,,,,,,,,,,,,,,,,,,,,
54883,210215,672723,228779521,4.3.4.13 Build 83512 CT4knandflash,,,,,5/4/2018 10:00,MDT,5/4/2018 10:01,MDT,1.1340000000000001,0.7,0.022363,2,,,,,,,,,,,,,,,,,,,,,,,,,
54884,210215,672723,228779521,4.3.4.13 Build 83512 CT4knandflash,,,5/4/2018 10:01,MDT,,,,,,,,2,,,,,,,,,,,,,,,,,,,,,,,,,
55013,210209,672723,228447931,4.3.4.13 Build 83512 CT4knandflash,5/3/2018 12:30,MDT,,,5/3/2018 12:30,MDT,,,,,,1,PACKSIZE / CLEAN AIR 12,0024:B100:0002:7D8B,Leaders For Clean Air,5/3/2018 12:30,MDT,5/3/2018 16:49,MDT,4:18:58,1:06:31,2.336291,0.0,0.293,Level 2,3760 Commons Ln,,Salt Lake City,Utah,84104.0,United States,40.74254608,-111.98122409999999,USD,,Plug Out at Vehicle,84087.0
55014,210209,672723,228447931,4.3.4.13 Build 83512 CT4knandflash,,,,,5/3/2018 12:30,MDT,5/3/2018 12:44,MDT,6.011,5.547999999999999,1.325399,1,,,,,,,,,,,,,,,,,,,,,,,,,
55015,210209,672723,228447931,4.3.4.13 Build 83512 CT4knandflash,,,,,5/3/2018 12:45,MDT,5/3/2018 12:59,MDT,4.324,2.529,0.632201,1,,,,,,,,,,,,,,,,,,,,,,,,,
55016,210209,672723,228447931,4.3.4.13 Build 83512 CT4knandflash,,,,,5/3/2018 13:00,MDT,5/3/2018 13:14,MDT,1.892,0.883,0.220791,1,,,,,,,,,,,,,,,,,,,,,,,,,
55017,210209,672723,228447931,4.3.4.13 Build 83512 CT4knandflash,,,,,5/3/2018 13:15,MDT,5/3/2018 13:29,MDT,2.002,0.461,0.115283,1,,,,,,,,,,,,,,,,,,,,,,,,,
55018,210209,672723,228447931,4.3.4.13 Build 83512 CT4knandflash,,,,,5/3/2018 13:30,MDT,5/3/2018 13:44,MDT,1.714,0.171,0.042617,1,,,,,,,,,,,,,,,,,,,,,,,,,
55019,210209,672723,228447931,4.3.4.13 Build 83512 CT4knandflash,,,,,5/3/2018 13:45,MDT,5/3/2018 13:59,MDT,0.0,0.0,0.0,1,,,,,,,,,,,,,,,,,,,,,,,,,
55020,210209,672723,228447931,4.3.4.13 Build 83512 CT4knandflash,,,,,5/3/2018 14:00,MDT,5/3/2018 14:14,MDT,0.0,0.0,0.0,1,,,,,,,,,,,,,,,,,,,,,,,,,
55021,210209,672723,228447931,4.3.4.13 Build 83512 CT4knandflash,,,,,5/3/2018 14:15,MDT,5/3/2018 14:29,MDT,0.0,0.0,0.0,1,,,,,,,,,,,,,,,,,,,,,,,,,
55022,210209,672723,228447931,4.3.4.13 Build 83512 CT4knandflash,,,,,5/3/2018 14:30,MDT,5/3/2018 14:44,MDT,0.0,0.0,0.0,1,,,,,,,,,,,,,,,,,,,,,,,,,
55023,210209,672723,228447931,4.3.4.13 Build 83512 CT4knandflash,,,,,5/3/2018 14:45,MDT,5/3/2018 14:59,MDT,0.0,0.0,0.0,1,,,,,,,,,,,,,,,,,,,,,,,,,
55024,210209,672723,228447931,4.3.4.13 Build 83512 CT4knandflash,,,,,5/3/2018 15:00,MDT,5/3/2018 15:14,MDT,0.0,0.0,0.0,1,,,,,,,,,,,,,,,,,,,,,,,,,
55025,210209,672723,228447931,4.3.4.13 Build 83512 CT4knandflash,,,,,5/3/2018 15:15,MDT,5/3/2018 15:29,MDT,0.0,0.0,0.0,1,,,,,,,,,,,,,,,,,,,,,,,,,
55026,210209,672723,228447931,4.3.4.13 Build 83512 CT4knandflash,,,,,5/3/2018 15:30,MDT,5/3/2018 15:44,MDT,0.0,0.0,0.0,1,,,,,,,,,,,,,,,,,,,,,,,,,
55027,210209,672723,228447931,4.3.4.13 Build 83512 CT4knandflash,,,,,5/3/2018 15:45,MDT,5/3/2018 15:59,MDT,0.0,0.0,0.0,1,,,,,,,,,,,,,,,,,,,,,,,,,
55028,210209,672723,228447931,4.3.4.13 Build 83512 CT4knandflash,,,,,5/3/2018 16:00,MDT,5/3/2018 16:14,MDT,0.0,0.0,0.0,1,,,,,,,,,,,,,,,,,,,,,,,,,
55029,210209,672723,228447931,4.3.4.13 Build 83512 CT4knandflash,,,,,5/3/2018 16:15,MDT,5/3/2018 16:29,MDT,0.0,0.0,0.0,1,,,,,,,,,,,,,,,,,,,,,,,,,
55030,210209,672723,228447931,4.3.4.13 Build 83512 CT4knandflash,,,,,5/3/2018 16:30,MDT,5/3/2018 16:44,MDT,0.0,0.0,0.0,1,,,,,,,,,,,,,,,,,,,,,,,,,
55031,210209,672723,228447931,4.3.4.13 Build 83512 CT4knandflash,,,,,5/3/2018 16:45,MDT,5/3/2018 16:49,MDT,0.0,0.0,0.0,1,,,,,,,,,,,,,,,,,,,,,,,,,
55032,210209,672723,228447931,4.3.4.13 Build 83512 CT4knandflash,,,5/3/2018 16:49,MDT,,,,,,,,1,,,,,,,,,,,,,,,,,,,,,,,,,
55206,210199,672723,228133281,4.3.4.13 Build 83512 CT4knandflash,5/3/2018 8:23,MDT,,,5/3/2018 8:23,MDT,,,,,,2,PACKSIZE / CLEAN AIR 6,0024:B100:0002:7D52,Leaders For Clean Air,5/3/2018 8:23,MDT,5/3/2018 11:26,MDT,3:03:18,2:55:50,8.457566,0.0,1.061,Level 2,3760 Commons Ln,,Salt Lake City,Utah,84104.0,United States,40.7425766,-111.9813232,USD,,Plug Out at Vehicle,84087.0
55207,210199,672723,228133281,4.3.4.13 Build 83512 CT4knandflash,,,,,5/3/2018 8:23,MDT,5/3/2018 8:29,MDT,3.29,3.177,0.361811,2,,,,,,,,,,,,,,,,,,,,,,,,,
55208,210199,672723,228133281,4.3.4.13 Build 83512 CT4knandflash,,,,,5/3/2018 8:30,MDT,5/3/2018 8:44,MDT,3.284,3.2289999999999996,0.80725,2,,,,,,,,,,,,,,,,,,,,,,,,,
55209,210199,672723,228133281,4.3.4.13 Build 83512 CT4knandflash,,,,,5/3/2018 8:45,MDT,5/3/2018 8:59,MDT,3.28,3.275,0.8188489999999999,2,,,,,,,,,,,,,,,,,,,,,,,,,
55210,210199,672723,228133281,4.3.4.13 Build 83512 CT4knandflash,,,,,5/3/2018 9:00,MDT,5/3/2018 9:14,MDT,3.2760000000000002,3.2560000000000002,0.813879,2,,,,,,,,,,,,,,,,,,,,,,,,,
55211,210199,672723,228133281,4.3.4.13 Build 83512 CT4knandflash,,,,,5/3/2018 9:15,MDT,5/3/2018 9:29,MDT,5.475,4.2219999999999995,1.0554620000000001,2,,,,,,,,,,,,,,,,,,,,,,,,,
55212,210199,672723,228133281,4.3.4.13 Build 83512 CT4knandflash,,,,,5/3/2018 9:30,MDT,5/3/2018 9:44,MDT,5.48,5.452999999999999,1.363322,2,,,,,,,,,,,,,,,,,,,,,,,,,
55213,210199,672723,228133281,4.3.4.13 Build 83512 CT4knandflash,,,,,5/3/2018 9:45,MDT,5/3/2018 9:59,MDT,6.039,5.853,1.463126,2,,,,,,,,,,,,,,,,,,,,,,,,,
55214,210199,672723,228133281,4.3.4.13 Build 83512 CT4knandflash,,,,,5/3/2018 10:00,MDT,5/3/2018 10:14,MDT,4.828,3.355,0.838741,2,,,,,,,,,,,,,,,,,,,,,,,,,
55215,210199,672723,228133281,4.3.4.13 Build 83512 CT4knandflash,,,,,5/3/2018 10:15,MDT,5/3/2018 10:29,MDT,2.605,1.7080000000000002,0.427094,2,,,,,,,,,,,,,,,,,,,,,,,,,
55216,210199,672723,228133281,4.3.4.13 Build 83512 CT4knandflash,,,,,5/3/2018 10:30,MDT,5/3/2018 10:44,MDT,1.466,1.023,0.25563600000000003,2,,,,,,,,,,,,,,,,,,,,,,,,,
55217,210199,672723,228133281,4.3.4.13 Build 83512 CT4knandflash,,,,,5/3/2018 10:45,MDT,5/3/2018 10:59,MDT,1.7369999999999999,0.537,0.134355,2,,,,,,,,,,,,,,,,,,,,,,,,,
55218,210199,672723,228133281,4.3.4.13 Build 83512 CT4knandflash,,,,,5/3/2018 11:00,MDT,5/3/2018 11:14,MDT,1.35,0.263,0.06585,2,,,,,,,,,,,,,,,,,,,,,,,,,
55219,210199,672723,228133281,4.3.4.13 Build 83512 CT4knandflash,,,,,5/3/2018 11:15,MDT,5/3/2018 11:26,MDT,1.338,0.273,0.052191999999999995,2,,,,,,,,,,,,,,,,,,,,,,,,,
55220,210199,672723,228133281,4.3.4.13 Build 83512 CT4knandflash,,,5/3/2018 11:26,MDT,,,,,,,,2,,,,,,,,,,,,,,,,,,,,,,,,,
55788,210209,672723,227124221,4.3.4.13 Build 83512 CT4knandflash,5/1/2018 15:13,MDT,,,5/1/2018 15:13,MDT,,,,,,1,PACKSIZE / CLEAN AIR 12,0024:B100:0002:7D8B,Leaders For Clean Air,5/1/2018 15:13,MDT,5/1/2018 17:44,MDT,2:30:32,2:28:24,9.913706,0.0,1.244,Level 2,3760 Commons Ln,,Salt Lake City,Utah,84104.0,United States,40.74254608,-111.98122409999999,USD,,Plug Out at Vehicle,84087.0
55789,210209,672723,227124221,4.3.4.13 Build 83512 CT4knandflash,,,,,5/1/2018 15:13,MDT,5/1/2018 15:14,MDT,6.062,5.155,0.101672,1,,,,,,,,,,,,,,,,,,,,,,,,,
55790,210209,672723,227124221,4.3.4.13 Build 83512 CT4knandflash,,,,,5/1/2018 15:15,MDT,5/1/2018 15:29,MDT,6.058,6.0329999999999995,1.508241,1,,,,,,,,,,,,,,,,,,,,,,,,,
55791,210209,672723,227124221,4.3.4.13 Build 83512 CT4knandflash,,,,,5/1/2018 15:30,MDT,5/1/2018 15:44,MDT,6.047000000000001,6.042000000000001,1.510363,1,,,,,,,,,,,,,,,,,,,,,,,,,
55792,210209,672723,227124221,4.3.4.13 Build 83512 CT4knandflash,,,,,5/1/2018 15:45,MDT,5/1/2018 15:59,MDT,6.109,6.055,1.5137690000000001,1,,,,,,,,,,,,,,,,,,,,,,,,,
55793,210209,672723,227124221,4.3.4.13 Build 83512 CT4knandflash,,,,,5/1/2018 16:00,MDT,5/1/2018 16:14,MDT,6.071000000000001,6.042000000000001,1.510365,1,,,,,,,,,,,,,,,,,,,,,,,,,
55794,210209,672723,227124221,4.3.4.13 Build 83512 CT4knandflash,,,,,5/1/2018 16:15,MDT,5/1/2018 16:29,MDT,6.037999999999999,6.055,1.513768,1,,,,,,,,,,,,,,,,,,,,,,,,,
55795,210209,672723,227124221,4.3.4.13 Build 83512 CT4knandflash,,,,,5/1/2018 16:30,MDT,5/1/2018 16:44,MDT,6.039,5.122000000000001,1.2805090000000001,1,,,,,,,,,,,,,,,,,,,,,,,,,
55796,210209,672723,227124221,4.3.4.13 Build 83512 CT4knandflash,,,,,5/1/2018 16:45,MDT,5/1/2018 16:59,MDT,3.466,2.104,0.525936,1,,,,,,,,,,,,,,,,,,,,,,,,,
55797,210209,672723,227124221,4.3.4.13 Build 83512 CT4knandflash,,,,,5/1/2018 17:00,MDT,5/1/2018 17:14,MDT,2.097,1.013,0.253251,1,,,,,,,,,,,,,,,,,,,,,,,,,
55798,210209,672723,227124221,4.3.4.13 Build 83512 CT4knandflash,,,,,5/1/2018 17:15,MDT,5/1/2018 17:29,MDT,2.022,0.40700000000000003,0.101827,1,,,,,,,,,,,,,,,,,,,,,,,,,
55799,210209,672723,227124221,4.3.4.13 Build 83512 CT4knandflash,,,,,5/1/2018 17:30,MDT,5/1/2018 17:44,MDT,1.821,0.39299999999999996,0.09400499999999999,1,,,,,,,,,,,,,,,,,,,,,,,,,
55800,210209,672723,227124221,4.3.4.13 Build 83512 CT4knandflash,,,5/1/2018 17:44,MDT,,,,,,,,1,,,,,,,,,,,,,,,,,,,,,,,,,
59360,210225,672723,220920891,4.3.4.13 Build 83512 CT4knandflash,4/20/2018 9:00,MDT,,,4/20/2018 9:00,MDT,,,,,,2,PACKSIZE / CLEAN AIR 13,0024:B100:0002:7D81,Leaders For Clean Air,4/20/2018 9:00,MDT,4/20/2018 10:42,MDT,1:41:57,1:41:49,9.978202,0.0,1.252,Level 2,3760 Commons Ln,,Salt Lake City,Utah,84104.0,United States,40.74252701,-111.9811096,USD,,Plug Out at Vehicle,84087.0
59361,210225,672723,220920891,4.3.4.13 Build 83512 CT4knandflash,,,,,4/20/2018 9:00,MDT,4/20/2018 9:14,MDT,6.01,5.86,1.378639,2,,,,,,,,,,,,,,,,,,,,,,,,,
59362,210225,672723,220920891,4.3.4.13 Build 83512 CT4knandflash,,,,,4/20/2018 9:15,MDT,4/20/2018 9:29,MDT,5.973,5.941,1.485211,2,,,,,,,,,,,,,,,,,,,,,,,,,
59363,210225,672723,220920891,4.3.4.13 Build 83512 CT4knandflash,,,,,4/20/2018 9:30,MDT,4/20/2018 9:44,MDT,5.956,5.935,1.483633,2,,,,,,,,,,,,,,,,,,,,,,,,,
59364,210225,672723,220920891,4.3.4.13 Build 83512 CT4knandflash,,,,,4/20/2018 9:45,MDT,4/20/2018 9:59,MDT,5.997999999999999,5.947,1.486687,2,,,,,,,,,,,,,,,,,,,,,,,,,
59365,210225,672723,220920891,4.3.4.13 Build 83512 CT4knandflash,,,,,4/20/2018 10:00,MDT,4/20/2018 10:14,MDT,5.986000000000001,5.945,1.486344,2,,,,,,,,,,,,,,,,,,,,,,,,,
59366,210225,672723,220920891,4.3.4.13 Build 83512 CT4knandflash,,,,,4/20/2018 10:15,MDT,4/20/2018 10:29,MDT,5.976,5.938,1.4843709999999999,2,,,,,,,,,,,,,,,,,,,,,,,,,
59367,210225,672723,220920891,4.3.4.13 Build 83512 CT4knandflash,,,,,4/20/2018 10:30,MDT,4/20/2018 10:42,MDT,6.004,5.4639999999999995,1.173317,2,,,,,,,,,,,,,,,,,,,,,,,,,
59368,210225,672723,220920891,4.3.4.13 Build 83512 CT4knandflash,,,4/20/2018 10:42,MDT,,,,,,,,2,,,,,,,,,,,,,,,,,,,,,,,,,
60696,204577,672723,218515761,4.3.4.13 Build 83512 CT4knandflash,4/16/2018 14:13,MDT,,,4/16/2018 14:13,MDT,,,,,,1,PACKSIZE / CLEAN AIR 4,0024:B100:0002:7776,Leaders For Clean Air,4/16/2018 14:13,MDT,4/16/2018 17:19,MDT,3:06:45,2:24:36,9.943921000000001,0.0,1.248,Level 2,3760 Commons Ln,,Salt Lake City,Utah,84104.0,United States,40.74254227,-111.981163,USD,,Plug Out at Vehicle,84087.0
60697,204577,672723,218515761,4.3.4.13 Build 83512 CT4knandflash,,,,,4/16/2018 14:13,MDT,4/16/2018 14:14,MDT,6.067,5.449,0.175574,1,,,,,,,,,,,,,,,,,,,,,,,,,
60698,204577,672723,218515761,4.3.4.13 Build 83512 CT4knandflash,,,,,4/16/2018 14:15,MDT,4/16/2018 14:29,MDT,6.056,6.0360000000000005,1.5089299999999999,1,,,,,,,,,,,,,,,,,,,,,,,,,
60699,204577,672723,218515761,4.3.4.13 Build 83512 CT4knandflash,,,,,4/16/2018 14:30,MDT,4/16/2018 14:44,MDT,6.12,6.064,1.515962,1,,,,,,,,,,,,,,,,,,,,,,,,,
60700,204577,672723,218515761,4.3.4.13 Build 83512 CT4knandflash,,,,,4/16/2018 14:45,MDT,4/16/2018 14:59,MDT,6.0520000000000005,6.04,1.509998,1,,,,,,,,,,,,,,,,,,,,,,,,,
60701,204577,672723,218515761,4.3.4.13 Build 83512 CT4knandflash,,,,,4/16/2018 15:00,MDT,4/16/2018 15:14,MDT,6.065,6.053999999999999,1.513365,1,,,,,,,,,,,,,,,,,,,,,,,,,
60702,204577,672723,218515761,4.3.4.13 Build 83512 CT4knandflash,,,,,4/16/2018 15:15,MDT,4/16/2018 15:29,MDT,6.082000000000001,6.058,1.514589,1,,,,,,,,,,,,,,,,,,,,,,,,,
60703,204577,672723,218515761,4.3.4.13 Build 83512 CT4knandflash,,,,,4/16/2018 15:30,MDT,4/16/2018 15:44,MDT,6.085,5.414,1.353587,1,,,,,,,,,,,,,,,,,,,,,,,,,
60704,204577,672723,218515761,4.3.4.13 Build 83512 CT4knandflash,,,,,4/16/2018 15:45,MDT,4/16/2018 15:59,MDT,3.6310000000000002,2.102,0.5253899999999999,1,,,,,,,,,,,,,,,,,,,,,,,,,
60705,204577,672723,218515761,4.3.4.13 Build 83512 CT4knandflash,,,,,4/16/2018 16:00,MDT,4/16/2018 16:14,MDT,1.6580000000000001,0.746,0.186451,1,,,,,,,,,,,,,,,,,,,,,,,,,
60706,204577,672723,218515761,4.3.4.13 Build 83512 CT4knandflash,,,,,4/16/2018 16:15,MDT,4/16/2018 16:29,MDT,2.0269999999999997,0.41600000000000004,0.104019,1,,,,,,,,,,,,,,,,,,,,,,,,,
60707,204577,672723,218515761,4.3.4.13 Build 83512 CT4knandflash,,,,,4/16/2018 16:30,MDT,4/16/2018 16:44,MDT,1.5330000000000001,0.14400000000000002,0.036057,1,,,,,,,,,,,,,,,,,,,,,,,,,
60708,204577,672723,218515761,4.3.4.13 Build 83512 CT4knandflash,,,,,4/16/2018 16:45,MDT,4/16/2018 16:59,MDT,0.0,0.0,0.0,1,,,,,,,,,,,,,,,,,,,,,,,,,
60709,204577,672723,218515761,4.3.4.13 Build 83512 CT4knandflash,,,,,4/16/2018 17:00,MDT,4/16/2018 17:14,MDT,0.0,0.0,0.0,1,,,,,,,,,,,,,,,,,,,,,,,,,
60710,204577,672723,218515761,4.3.4.13 Build 83512 CT4knandflash,,,,,4/16/2018 17:15,MDT,4/16/2018 17:19,MDT,0.0,0.0,0.0,1,,,,,,,,,,,,,,,,,,,,,,,,,
60711,204577,672723,218515761,4.3.4.13 Build 83512 CT4knandflash,,,4/16/2018 17:19,MDT,,,,,,,,1,,,,,,,,,,,,,,,,,,,,,,,,,
60899,204577,672723,218234161,4.3.4.13 Build 83512 CT4knandflash,4/16/2018 8:26,MDT,,,4/16/2018 8:26,MDT,,,,,,2,PACKSIZE / CLEAN AIR 4,0024:B100:0002:7776,Leaders For Clean Air,4/16/2018 8:26,MDT,4/16/2018 12:36,MDT,4:09:55,1:53:10,6.328022,0.0,0.794,Level 2,3760 Commons Ln,,Salt Lake City,Utah,84104.0,United States,40.74254227,-111.981163,USD,,Plug Out at Vehicle,84087.0
60900,204577,672723,218234161,4.3.4.13 Build 83512 CT4knandflash,,,,,4/16/2018 8:26,MDT,4/16/2018 8:29,MDT,5.957000000000001,5.476,0.320971,2,,,,,,,,,,,,,,,,,,,,,,,,,
60901,204577,672723,218234161,4.3.4.13 Build 83512 CT4knandflash,,,,,4/16/2018 8:30,MDT,4/16/2018 8:44,MDT,5.962999999999999,5.946000000000001,1.486578,2,,,,,,,,,,,,,,,,,,,,,,,,,
60902,204577,672723,218234161,4.3.4.13 Build 83512 CT4knandflash,,,,,4/16/2018 8:45,MDT,4/16/2018 8:59,MDT,5.965,5.985,1.496225,2,,,,,,,,,,,,,,,,,,,,,,,,,
60903,204577,672723,218234161,4.3.4.13 Build 83512 CT4knandflash,,,,,4/16/2018 9:00,MDT,4/16/2018 9:14,MDT,5.9639999999999995,5.855,1.4636559999999998,2,,,,,,,,,,,,,,,,,,,,,,,,,
60904,204577,672723,218234161,4.3.4.13 Build 83512 CT4knandflash,,,,,4/16/2018 9:15,MDT,4/16/2018 9:29,MDT,5.912000000000001,3.6860000000000004,0.921481,2,,,,,,,,,,,,,,,,,,,,,,,,,
60905,204577,672723,218234161,4.3.4.13 Build 83512 CT4knandflash,,,,,4/16/2018 9:30,MDT,4/16/2018 9:44,MDT,2.363,1.474,0.3685,2,,,,,,,,,,,,,,,,,,,,,,,,,
60906,204577,672723,218234161,4.3.4.13 Build 83512 CT4knandflash,,,,,4/16/2018 9:45,MDT,4/16/2018 9:59,MDT,2.3080000000000003,0.606,0.151509,2,,,,,,,,,,,,,,,,,,,,,,,,,
60907,204577,672723,218234161,4.3.4.13 Build 83512 CT4knandflash,,,,,4/16/2018 10:00,MDT,4/16/2018 10:14,MDT,1.8090000000000002,0.305,0.076201,2,,,,,,,,,,,,,,,,,,,,,,,,,
60908,204577,672723,218234161,4.3.4.13 Build 83512 CT4knandflash,,,,,4/16/2018 10:15,MDT,4/16/2018 10:29,MDT,1.433,0.172,0.042901,2,,,,,,,,,,,,,,,,,,,,,,,,,
60909,204577,672723,218234161,4.3.4.13 Build 83512 CT4knandflash,,,,,4/16/2018 10:30,MDT,4/16/2018 10:44,MDT,0.0,0.0,0.0,2,,,,,,,,,,,,,,,,,,,,,,,,,
60910,204577,672723,218234161,4.3.4.13 Build 83512 CT4knandflash,,,,,4/16/2018 10:45,MDT,4/16/2018 10:59,MDT,0.0,0.0,0.0,2,,,,,,,,,,,,,,,,,,,,,,,,,
60911,204577,672723,218234161,4.3.4.13 Build 83512 CT4knandflash,,,,,4/16/2018 11:00,MDT,4/16/2018 11:14,MDT,0.0,0.0,0.0,2,,,,,,,,,,,,,,,,,,,,,,,,,
60912,204577,672723,218234161,4.3.4.13 Build 83512 CT4knandflash,,,,,4/16/2018 11:15,MDT,4/16/2018 11:29,MDT,0.0,0.0,0.0,2,,,,,,,,,,,,,,,,,,,,,,,,,
60913,204577,672723,218234161,4.3.4.13 Build 83512 CT4knandflash,,,,,4/16/2018 11:30,MDT,4/16/2018 11:44,MDT,0.0,0.0,0.0,2,,,,,,,,,,,,,,,,,,,,,,,,,
60914,204577,672723,218234161,4.3.4.13 Build 83512 CT4knandflash,,,,,4/16/2018 11:45,MDT,4/16/2018 11:59,MDT,0.0,0.0,0.0,2,,,,,,,,,,,,,,,,,,,,,,,,,
60915,204577,672723,218234161,4.3.4.13 Build 83512 CT4knandflash,,,,,4/16/2018 12:00,MDT,4/16/2018 12:14,MDT,0.0,0.0,0.0,2,,,,,,,,,,,,,,,,,,,,,,,,,
60916,204577,672723,218234161,4.3.4.13 Build 83512 CT4knandflash,,,,,4/16/2018 12:15,MDT,4/16/2018 12:29,MDT,0.0,0.0,0.0,2,,,,,,,,,,,,,,,,,,,,,,,,,
60917,204577,672723,218234161,4.3.4.13 Build 83512 CT4knandflash,,,,,4/16/2018 12:30,MDT,4/16/2018 12:36,MDT,0.0,0.0,0.0,2,,,,,,,,,,,,,,,,,,,,,,,,,
60918,204577,672723,218234161,4.3.4.13 Build 83512 CT4knandflash,,,4/16/2018 12:36,MDT,,,,,,,,2,,,,,,,,,,,,,,,,,,,,,,,,,
61962,204577,672723,216661701,4.3.4.13 Build 83512 CT4knandflash,4/12/2018 13:05,MDT,,,4/12/2018 13:05,MDT,,,,,,2,PACKSIZE / CLEAN AIR 4,0024:B100:0002:7776,Leaders For Clean Air,4/12/2018 13:05,MDT,4/12/2018 17:23,MDT,4:17:41,1:28:23,3.3279089999999996,0.0,0.418,Level 2,3760 Commons Ln,,Salt Lake City,Utah,84104.0,United States,40.74254227,-111.981163,USD,,Plug Out at Vehicle,84087.0
61963,204577,672723,216661701,4.3.4.13 Build 83512 CT4knandflash,,,,,4/12/2018 13:05,MDT,4/12/2018 13:14,MDT,6.14,5.987,0.949658,2,,,,,,,,,,,,,,,,,,,,,,,,,
61964,204577,672723,216661701,4.3.4.13 Build 83512 CT4knandflash,,,,,4/12/2018 13:15,MDT,4/12/2018 13:29,MDT,6.1370000000000005,5.395,1.348832,2,,,,,,,,,,,,,,,,,,,,,,,,,
61965,204577,672723,216661701,4.3.4.13 Build 83512 CT4knandflash,,,,,4/12/2018 13:30,MDT,4/12/2018 13:44,MDT,3.945,2.21,0.552543,2,,,,,,,,,,,,,,,,,,,,,,,,,
61966,204577,672723,216661701,4.3.4.13 Build 83512 CT4knandflash,,,,,4/12/2018 13:45,MDT,4/12/2018 13:59,MDT,1.68,1.031,0.257826,2,,,,,,,,,,,,,,,,,,,,,,,,,
61967,204577,672723,216661701,4.3.4.13 Build 83512 CT4knandflash,,,,,4/12/2018 14:00,MDT,4/12/2018 14:14,MDT,2.095,0.485,0.121218,2,,,,,,,,,,,,,,,,,,,,,,,,,
61968,204577,672723,216661701,4.3.4.13 Build 83512 CT4knandflash,,,,,4/12/2018 14:15,MDT,4/12/2018 14:29,MDT,1.435,0.25,0.062593,2,,,,,,,,,,,,,,,,,,,,,,,,,
61969,204577,672723,216661701,4.3.4.13 Build 83512 CT4knandflash,,,,,4/12/2018 14:30,MDT,4/12/2018 14:44,MDT,1.101,0.141,0.035239,2,,,,,,,,,,,,,,,,,,,,,,,,,
61970,204577,672723,216661701,4.3.4.13 Build 83512 CT4knandflash,,,,,4/12/2018 14:45,MDT,4/12/2018 14:59,MDT,0.0,0.0,0.0,2,,,,,,,,,,,,,,,,,,,,,,,,,
61971,204577,672723,216661701,4.3.4.13 Build 83512 CT4knandflash,,,,,4/12/2018 15:00,MDT,4/12/2018 15:14,MDT,0.0,0.0,0.0,2,,,,,,,,,,,,,,,,,,,,,,,,,
61972,204577,672723,216661701,4.3.4.13 Build 83512 CT4knandflash,,,,,4/12/2018 15:15,MDT,4/12/2018 15:29,MDT,0.0,0.0,0.0,2,,,,,,,,,,,,,,,,,,,,,,,,,
61973,204577,672723,216661701,4.3.4.13 Build 83512 CT4knandflash,,,,,4/12/2018 15:30,MDT,4/12/2018 15:44,MDT,0.0,0.0,0.0,2,,,,,,,,,,,,,,,,,,,,,,,,,
61974,204577,672723,216661701,4.3.4.13 Build 83512 CT4knandflash,,,,,4/12/2018 15:45,MDT,4/12/2018 15:59,MDT,0.0,0.0,0.0,2,,,,,,,,,,,,,,,,,,,,,,,,,
61975,204577,672723,216661701,4.3.4.13 Build 83512 CT4knandflash,,,,,4/12/2018 16:00,MDT,4/12/2018 16:14,MDT,0.0,0.0,0.0,2,,,,,,,,,,,,,,,,,,,,,,,,,
61976,204577,672723,216661701,4.3.4.13 Build 83512 CT4knandflash,,,,,4/12/2018 16:15,MDT,4/12/2018 16:29,MDT,0.0,0.0,0.0,2,,,,,,,,,,,,,,,,,,,,,,,,,
61977,204577,672723,216661701,4.3.4.13 Build 83512 CT4knandflash,,,,,4/12/2018 16:30,MDT,4/12/2018 16:44,MDT,0.0,0.0,0.0,2,,,,,,,,,,,,,,,,,,,,,,,,,
61978,204577,672723,216661701,4.3.4.13 Build 83512 CT4knandflash,,,,,4/12/2018 16:45,MDT,4/12/2018 16:59,MDT,0.0,0.0,0.0,2,,,,,,,,,,,,,,,,,,,,,,,,,
61979,204577,672723,216661701,4.3.4.13 Build 83512 CT4knandflash,,,,,4/12/2018 17:00,MDT,4/12/2018 17:14,MDT,0.0,0.0,0.0,2,,,,,,,,,,,,,,,,,,,,,,,,,
61980,204577,672723,216661701,4.3.4.13 Build 83512 CT4knandflash,,,,,4/12/2018 17:15,MDT,4/12/2018 17:23,MDT,0.0,0.0,0.0,2,,,,,,,,,,,,,,,,,,,,,,,,,
61981,204577,672723,216661701,4.3.4.13 Build 83512 CT4knandflash,,,4/12/2018 17:23,MDT,,,,,,,,2,,,,,,,,,,,,,,,,,,,,,,,,,
62102,204577,672723,216432391,4.3.4.13 Build 83512 CT4knandflash,4/12/2018 8:29,MDT,,,4/12/2018 8:29,MDT,,,,,,2,PACKSIZE / CLEAN AIR 4,0024:B100:0002:7776,Leaders For Clean Air,4/12/2018 8:29,MDT,4/12/2018 12:49,MDT,4:20:18,2:59:40,11.461041,0.0,1.4380000000000002,Level 2,3760 Commons Ln,,Salt Lake City,Utah,84104.0,United States,40.74254227,-111.981163,USD,,Plug Out at Vehicle,84087.0
62103,204577,672723,216432391,4.3.4.13 Build 83512 CT4knandflash,,,,,4/12/2018 8:29,MDT,4/12/2018 8:29,MDT,6.069,4.3389999999999995,0.066287,2,,,,,,,,,,,,,,,,,,,,,,,,,
62104,204577,672723,216432391,4.3.4.13 Build 83512 CT4knandflash,,,,,4/12/2018 8:30,MDT,4/12/2018 8:44,MDT,6.071000000000001,6.045,1.511125,2,,,,,,,,,,,,,,,,,,,,,,,,,
62105,204577,672723,216432391,4.3.4.13 Build 83512 CT4knandflash,,,,,4/12/2018 8:45,MDT,4/12/2018 8:59,MDT,6.071000000000001,6.04,1.509918,2,,,,,,,,,,,,,,,,,,,,,,,,,
62106,204577,672723,216432391,4.3.4.13 Build 83512 CT4knandflash,,,,,4/12/2018 9:00,MDT,4/12/2018 9:14,MDT,6.053999999999999,6.031000000000001,1.50777,2,,,,,,,,,,,,,,,,,,,,,,,,,
62107,204577,672723,216432391,4.3.4.13 Build 83512 CT4knandflash,,,,,4/12/2018 9:15,MDT,4/12/2018 9:29,MDT,6.057,6.039,1.509843,2,,,,,,,,,,,,,,,,,,,,,,,,,
62108,204577,672723,216432391,4.3.4.13 Build 83512 CT4knandflash,,,,,4/12/2018 9:30,MDT,4/12/2018 9:44,MDT,6.031000000000001,6.01,1.502498,2,,,,,,,,,,,,,,,,,,,,,,,,,
62109,204577,672723,216432391,4.3.4.13 Build 83512 CT4knandflash,,,,,4/12/2018 9:45,MDT,4/12/2018 9:59,MDT,6.025,6.02,1.505008,2,,,,,,,,,,,,,,,,,,,,,,,,,
62110,204577,672723,216432391,4.3.4.13 Build 83512 CT4knandflash,,,,,4/12/2018 10:00,MDT,4/12/2018 10:14,MDT,6.027,4.523,1.1307450000000001,2,,,,,,,,,,,,,,,,,,,,,,,,,
62111,204577,672723,216432391,4.3.4.13 Build 83512 CT4knandflash,,,,,4/12/2018 10:15,MDT,4/12/2018 10:29,MDT,3.0869999999999997,2.154,0.5384140000000001,2,,,,,,,,,,,,,,,,,,,,,,,,,
62112,204577,672723,216432391,4.3.4.13 Build 83512 CT4knandflash,,,,,4/12/2018 10:30,MDT,4/12/2018 10:44,MDT,1.6269999999999998,1.2229999999999999,0.305634,2,,,,,,,,,,,,,,,,,,,,,,,,,
62113,204577,672723,216432391,4.3.4.13 Build 83512 CT4knandflash,,,,,4/12/2018 10:45,MDT,4/12/2018 10:59,MDT,1.145,0.777,0.194352,2,,,,,,,,,,,,,,,,,,,,,,,,,
62114,204577,672723,216432391,4.3.4.13 Build 83512 CT4knandflash,,,,,4/12/2018 11:00,MDT,4/12/2018 11:14,MDT,1.77,0.258,0.064546,2,,,,,,,,,,,,,,,,,,,,,,,,,
62115,204577,672723,216432391,4.3.4.13 Build 83512 CT4knandflash,,,,,4/12/2018 11:15,MDT,4/12/2018 11:29,MDT,1.805,0.46,0.114902,2,,,,,,,,,,,,,,,,,,,,,,,,,
62116,204577,672723,216432391,4.3.4.13 Build 83512 CT4knandflash,,,,,4/12/2018 11:30,MDT,4/12/2018 11:44,MDT,0.0,0.0,0.0,2,,,,,,,,,,,,,,,,,,,,,,,,,
62117,204577,672723,216432391,4.3.4.13 Build 83512 CT4knandflash,,,,,4/12/2018 11:45,MDT,4/12/2018 11:59,MDT,0.0,0.0,0.0,2,,,,,,,,,,,,,,,,,,,,,,,,,
62118,204577,672723,216432391,4.3.4.13 Build 83512 CT4knandflash,,,,,4/12/2018 12:00,MDT,4/12/2018 12:14,MDT,0.0,0.0,0.0,2,,,,,,,,,,,,,,,,,,,,,,,,,
62119,204577,672723,216432391,4.3.4.13 Build 83512 CT4knandflash,,,,,4/12/2018 12:15,MDT,4/12/2018 12:29,MDT,0.0,0.0,0.0,2,,,,,,,,,,,,,,,,,,,,,,,,,
62120,204577,672723,216432391,4.3.4.13 Build 83512 CT4knandflash,,,,,4/12/2018 12:30,MDT,4/12/2018 12:44,MDT,0.0,0.0,0.0,2,,,,,,,,,,,,,,,,,,,,,,,,,
62121,204577,672723,216432391,4.3.4.13 Build 83512 CT4knandflash,,,,,4/12/2018 12:45,MDT,4/12/2018 12:49,MDT,0.0,0.0,0.0,2,,,,,,,,,,,,,,,,,,,,,,,,,
62122,204577,672723,216432391,4.3.4.13 Build 83512 CT4knandflash,,,4/12/2018 12:49,MDT,,,,,,,,2,,,,,,,,,,,,,,,,,,,,,,,,,
62390,204577,672723,215786021,4.3.4.13 Build 83512 CT4knandflash,4/11/2018 8:23,MDT,,,4/11/2018 8:23,MDT,,,,,,2,PACKSIZE / CLEAN AIR 4,0024:B100:0002:7776,Leaders For Clean Air,4/11/2018 8:23,MDT,4/11/2018 16:07,MDT,7:44:01,2:03:21,7.400752000000001,0.0,0.929,Level 2,3760 Commons Ln,,Salt Lake City,Utah,84104.0,United States,40.74254227,-111.981163,USD,,Plug Out at Vehicle,84087.0
62391,204577,672723,215786021,4.3.4.13 Build 83512 CT4knandflash,,,,,4/11/2018 8:23,MDT,4/11/2018 8:29,MDT,6.06,5.812,0.678025,2,,,,,,,,,,,,,,,,,,,,,,,,,
62392,204577,672723,215786021,4.3.4.13 Build 83512 CT4knandflash,,,,,4/11/2018 8:30,MDT,4/11/2018 8:44,MDT,6.0520000000000005,5.975,1.4937209999999999,2,,,,,,,,,,,,,,,,,,,,,,,,,
62393,204577,672723,215786021,4.3.4.13 Build 83512 CT4knandflash,,,,,4/11/2018 8:45,MDT,4/11/2018 8:59,MDT,6.039,5.968,1.4919,2,,,,,,,,,,,,,,,,,,,,,,,,,
62394,204577,672723,215786021,4.3.4.13 Build 83512 CT4knandflash,,,,,4/11/2018 9:00,MDT,4/11/2018 9:14,MDT,6.093999999999999,6.01,1.5025950000000001,2,,,,,,,,,,,,,,,,,,,,,,,,,
62395,204577,672723,215786021,4.3.4.13 Build 83512 CT4knandflash,,,,,4/11/2018 9:15,MDT,4/11/2018 9:29,MDT,6.08,5.072,1.267873,2,,,,,,,,,,,,,,,,,,,,,,,,,
62396,204577,672723,215786021,4.3.4.13 Build 83512 CT4knandflash,,,,,4/11/2018 9:30,MDT,4/11/2018 9:44,MDT,3.286,2.122,0.5304979999999999,2,,,,,,,,,,,,,,,,,,,,,,,,,
62397,204577,672723,215786021,4.3.4.13 Build 83512 CT4knandflash,,,,,4/11/2018 9:45,MDT,4/11/2018 9:59,MDT,1.974,1.026,0.25656999999999996,2,,,,,,,,,,,,,,,,,,,,,,,,,
62398,204577,672723,215786021,4.3.4.13 Build 83512 CT4knandflash,,,,,4/11/2018 10:00,MDT,4/11/2018 10:14,MDT,2.233,0.37799999999999995,0.094402,2,,,,,,,,,,,,,,,,,,,,,,,,,
62399,204577,672723,215786021,4.3.4.13 Build 83512 CT4knandflash,,,,,4/11/2018 10:15,MDT,4/11/2018 10:29,MDT,1.743,0.341,0.085168,2,,,,,,,,,,,,,,,,,,,,,,,,,
62400,204577,672723,215786021,4.3.4.13 Build 83512 CT4knandflash,,,,,4/11/2018 10:30,MDT,4/11/2018 10:44,MDT,0.0,0.0,0.0,2,,,,,,,,,,,,,,,,,,,,,,,,,
62401,204577,672723,215786021,4.3.4.13 Build 83512 CT4knandflash,,,,,4/11/2018 10:45,MDT,4/11/2018 10:59,MDT,0.0,0.0,0.0,2,,,,,,,,,,,,,,,,,,,,,,,,,
62402,204577,672723,215786021,4.3.4.13 Build 83512 CT4knandflash,,,,,4/11/2018 11:00,MDT,4/11/2018 11:14,MDT,0.0,0.0,0.0,2,,,,,,,,,,,,,,,,,,,,,,,,,
62403,204577,672723,215786021,4.3.4.13 Build 83512 CT4knandflash,,,,,4/11/2018 11:15,MDT,4/11/2018 11:29,MDT,0.0,0.0,0.0,2,,,,,,,,,,,,,,,,,,,,,,,,,
62404,204577,672723,215786021,4.3.4.13 Build 83512 CT4knandflash,,,,,4/11/2018 11:30,MDT,4/11/2018 11:44,MDT,0.0,0.0,0.0,2,,,,,,,,,,,,,,,,,,,,,,,,,
62405,204577,672723,215786021,4.3.4.13 Build 83512 CT4knandflash,,,,,4/11/2018 11:45,MDT,4/11/2018 11:59,MDT,0.0,0.0,0.0,2,,,,,,,,,,,,,,,,,,,,,,,,,
62406,204577,672723,215786021,4.3.4.13 Build 83512 CT4knandflash,,,,,4/11/2018 12:00,MDT,4/11/2018 12:14,MDT,0.0,0.0,0.0,2,,,,,,,,,,,,,,,,,,,,,,,,,
62407,204577,672723,215786021,4.3.4.13 Build 83512 CT4knandflash,,,,,4/11/2018 12:15,MDT,4/11/2018 12:29,MDT,0.0,0.0,0.0,2,,,,,,,,,,,,,,,,,,,,,,,,,
62408,204577,672723,215786021,4.3.4.13 Build 83512 CT4knandflash,,,,,4/11/2018 12:30,MDT,4/11/2018 12:44,MDT,0.0,0.0,0.0,2,,,,,,,,,,,,,,,,,,,,,,,,,
62409,204577,672723,215786021,4.3.4.13 Build 83512 CT4knandflash,,,,,4/11/2018 12:45,MDT,4/11/2018 12:59,MDT,0.0,0.0,0.0,2,,,,,,,,,,,,,,,,,,,,,,,,,
62410,204577,672723,215786021,4.3.4.13 Build 83512 CT4knandflash,,,,,4/11/2018 13:00,MDT,4/11/2018 13:14,MDT,0.0,0.0,0.0,2,,,,,,,,,,,,,,,,,,,,,,,,,
62411,204577,672723,215786021,4.3.4.13 Build 83512 CT4knandflash,,,,,4/11/2018 13:15,MDT,4/11/2018 13:29,MDT,0.0,0.0,0.0,2,,,,,,,,,,,,,,,,,,,,,,,,,
62412,204577,672723,215786021,4.3.4.13 Build 83512 CT4knandflash,,,,,4/11/2018 13:30,MDT,4/11/2018 13:44,MDT,0.0,0.0,0.0,2,,,,,,,,,,,,,,,,,,,,,,,,,
62413,204577,672723,215786021,4.3.4.13 Build 83512 CT4knandflash,,,,,4/11/2018 13:45,MDT,4/11/2018 13:59,MDT,0.0,0.0,0.0,2,,,,,,,,,,,,,,,,,,,,,,,,,
62414,204577,672723,215786021,4.3.4.13 Build 83512 CT4knandflash,,,,,4/11/2018 14:00,MDT,4/11/2018 14:14,MDT,0.0,0.0,0.0,2,,,,,,,,,,,,,,,,,,,,,,,,,
62415,204577,672723,215786021,4.3.4.13 Build 83512 CT4knandflash,,,,,4/11/2018 14:15,MDT,4/11/2018 14:29,MDT,0.0,0.0,0.0,2,,,,,,,,,,,,,,,,,,,,,,,,,
62416,204577,672723,215786021,4.3.4.13 Build 83512 CT4knandflash,,,,,4/11/2018 14:30,MDT,4/11/2018 14:44,MDT,0.0,0.0,0.0,2,,,,,,,,,,,,,,,,,,,,,,,,,
62417,204577,672723,215786021,4.3.4.13 Build 83512 CT4knandflash,,,,,4/11/2018 14:45,MDT,4/11/2018 14:59,MDT,0.0,0.0,0.0,2,,,,,,,,,,,,,,,,,,,,,,,,,
62418,204577,672723,215786021,4.3.4.13 Build 83512 CT4knandflash,,,,,4/11/2018 15:00,MDT,4/11/2018 15:14,MDT,0.0,0.0,0.0,2,,,,,,,,,,,,,,,,,,,,,,,,,
62419,204577,672723,215786021,4.3.4.13 Build 83512 CT4knandflash,,,,,4/11/2018 15:15,MDT,4/11/2018 15:29,MDT,0.0,0.0,0.0,2,,,,,,,,,,,,,,,,,,,,,,,,,
62420,204577,672723,215786021,4.3.4.13 Build 83512 CT4knandflash,,,,,4/11/2018 15:30,MDT,4/11/2018 15:44,MDT,0.0,0.0,0.0,2,,,,,,,,,,,,,,,,,,,,,,,,,
62421,204577,672723,215786021,4.3.4.13 Build 83512 CT4knandflash,,,,,4/11/2018 15:45,MDT,4/11/2018 15:59,MDT,0.0,0.0,0.0,2,,,,,,,,,,,,,,,,,,,,,,,,,
62422,204577,672723,215786021,4.3.4.13 Build 83512 CT4knandflash,,,,,4/11/2018 16:00,MDT,4/11/2018 16:07,MDT,0.0,0.0,0.0,2,,,,,,,,,,,,,,,,,,,,,,,,,
62423,204577,672723,215786021,4.3.4.13 Build 83512 CT4knandflash,,,4/11/2018 16:07,MDT,,,,,,,,2,,,,,,,,,,,,,,,,,,,,,,,,,
